username,password,email,first_name,last_name,location,friend_radius,hobbies,interests,image_url
lisacompton,$2b$12$Q1PUFjhN/AWRQ21LbGYvjeLpZZB6lfZ1BPwifHALGO6oIbyC3CmJe,william83@example.org,Jessica,Koch,95119,100,"['Painting', 'Chess', 'Swimming', 'Playing musical instruments', 'Video Games']","['Music', 'Gaming', 'Travel']",https://randomuser.me/api/portraits/women/60.jpg
marcus22,$2b$12$Q1PUFjhN/AWRQ21LbGYvjeLpZZB6lfZ1BPwifHALGO6oIbyC3CmJe,xbrewer@example.net,Steve,Obrien,94507,100,"['Painting', 'Movies', 'Judo', 'Comedy Shows', 'Swimming']","['History', 'Art', 'Gaming']",https://randomuser.me/api/portraits/men/51.jpg
angela84,$2b$12$Q1PUFjhN/AWRQ21LbGYvjeLpZZB6lfZ1BPwifHALGO6oIbyC3CmJe,mary24@example.org,Joshua,Chapman,94016,100,"['Photography', 'Judo', 'Candy Making', 'Coding', 'Swimming']","['Music', 'Outdoors', 'Travel']",https://randomuser.me/api/portraits/women/90.jpg
tarabush,$2b$12$Q1PUFjhN/AWRQ21LbGYvjeLpZZB6lfZ1BPwifHALGO6oIbyC3CmJe,ghill@example.com,Robert,Guerrero,94701,100,"['Movies', 'Gardening', 'Coding', 'Crossfit', 'Yoga']","['Music', 'Nature', 'Gaming']",https://randomuser.me/api/portraits/men/60.jpg
lynchdonna,$2b$12$Q1PUFjhN/AWRQ21LbGYvjeLpZZB6lfZ1BPwifHALGO6oIbyC3CmJe,gregorycalvin@example.net,Jimmy,Durham,94701,100,"['Gardening', 'Comedy Shows', 'Photography', 'Movies', 'Beer Tasting']","['Gaming', 'Nature', 'Travel']",https://randomuser.me/api/portraits/men/19.jpg
waretroy,$2b$12$Q1PUFjhN/AWRQ21LbGYvjeLpZZB6lfZ1BPwifHALGO6oIbyC3CmJe,raymond85@example.com,Lisa,Jenkins,94701,100,"['Coding', 'Brazillian Jiu Jitsu', 'Judo', 'Photography', 'Video Games']","['Music', 'Gaming', 'Nature']",https://randomuser.me/api/portraits/men/17.jpg
joseph72,$2b$12$Q1PUFjhN/AWRQ21LbGYvjeLpZZB6lfZ1BPwifHALGO6oIbyC3CmJe,goldenaaron@example.com,Jacob,Norman,94605,100,"['Crossfit', 'Video Games', 'Beer Tasting', 'Judo', 'Brazillian Jiu Jitsu']","['Music', 'Travel', 'History']",https://randomuser.me/api/portraits/women/89.jpg
jonathannovak,$2b$12$Q1PUFjhN/AWRQ21LbGYvjeLpZZB6lfZ1BPwifHALGO6oIbyC3CmJe,smithandrew@example.net,Natalie,Rodriguez,94605,100,"['Judo', 'Running', 'Modeling', 'Coding', 'Movies']","['Music', 'Art', 'Gaming']",https://randomuser.me/api/portraits/women/7.jpg
mauricediaz,$2b$12$Q1PUFjhN/AWRQ21LbGYvjeLpZZB6lfZ1BPwifHALGO6oIbyC3CmJe,hayley34@example.org,Hannah,Wilson,94016,100,"['Brazillian Jiu Jitsu', 'Gardening', 'Comedy Shows', 'Yoga', 'Chess']","['History', 'Art', 'Music']",https://randomuser.me/api/portraits/men/81.jpg
cmeyers,$2b$12$Q1PUFjhN/AWRQ21LbGYvjeLpZZB6lfZ1BPwifHALGO6oIbyC3CmJe,clarkerodney@example.net,Ann,Leonard,94016,100,"['Swimming', 'Crossfit', 'Playing musical instruments', 'Running', 'Painting']","['History', 'Nature', 'Travel']",https://randomuser.me/api/portraits/men/0.jpg
browncarrie,$2b$12$Q1PUFjhN/AWRQ21LbGYvjeLpZZB6lfZ1BPwifHALGO6oIbyC3CmJe,judy88@example.com,Caleb,Green,94605,100,"['Running', 'Judo', 'Candy Making', 'Comedy Shows', 'Yoga']","['Outdoors', 'Art', 'History']",https://randomuser.me/api/portraits/women/84.jpg
katelynknight,$2b$12$Q1PUFjhN/AWRQ21LbGYvjeLpZZB6lfZ1BPwifHALGO6oIbyC3CmJe,james57@example.net,Jason,Taylor,94507,100,"['Judo', 'Coding', 'Crossfit', 'Beer Tasting', 'Running']","['Travel', 'Nature', 'Gaming']",https://randomuser.me/api/portraits/men/3.jpg
xfry,$2b$12$Q1PUFjhN/AWRQ21LbGYvjeLpZZB6lfZ1BPwifHALGO6oIbyC3CmJe,qfry@example.com,Heather,Robbins,95119,100,"['Running', 'Chess', 'Yoga', 'Coding', 'Comedy Shows']","['Music', 'Travel', 'History']",https://randomuser.me/api/portraits/women/58.jpg
nalvarez,$2b$12$Q1PUFjhN/AWRQ21LbGYvjeLpZZB6lfZ1BPwifHALGO6oIbyC3CmJe,woodnicole@example.org,Ronnie,Navarro,94701,100,"['Movies', 'Running', 'Playing musical instruments', 'Crossfit', 'Painting']","['Art', 'Gaming', 'Music']",https://randomuser.me/api/portraits/women/78.jpg
slittle,$2b$12$Q1PUFjhN/AWRQ21LbGYvjeLpZZB6lfZ1BPwifHALGO6oIbyC3CmJe,elizabethcohen@example.com,April,Adams,94701,100,"['Painting', 'Coding', 'Running', 'Playing musical instruments', 'Modeling']","['Travel', 'Gaming', 'Nature']",https://randomuser.me/api/portraits/women/35.jpg
davidmcdonald,$2b$12$Q1PUFjhN/AWRQ21LbGYvjeLpZZB6lfZ1BPwifHALGO6oIbyC3CmJe,tsmith@example.com,Brian,Stewart,94540,100,"['Movies', 'Video Games', 'Gardening', 'Comedy Shows', 'Running']","['Travel', 'Art', 'Gaming']",https://randomuser.me/api/portraits/women/93.jpg
alewis,$2b$12$Q1PUFjhN/AWRQ21LbGYvjeLpZZB6lfZ1BPwifHALGO6oIbyC3CmJe,michael85@example.com,Shelby,Hunter,94509,100,"['Candy Making', 'Swimming', 'Brazillian Jiu Jitsu', 'Movies', 'Beer Tasting']","['Art', 'Outdoors', 'Gaming']",https://randomuser.me/api/portraits/women/44.jpg
williamsthomas,$2b$12$Q1PUFjhN/AWRQ21LbGYvjeLpZZB6lfZ1BPwifHALGO6oIbyC3CmJe,brandon30@example.com,Chad,Norris,94507,100,"['Gardening', 'Modeling', 'Chess', 'Video Games', 'Coding']","['Travel', 'Nature', 'History']",https://randomuser.me/api/portraits/women/2.jpg
andreabrooks,$2b$12$Q1PUFjhN/AWRQ21LbGYvjeLpZZB6lfZ1BPwifHALGO6oIbyC3CmJe,bgordon@example.com,Kim,Stone,94507,100,"['Yoga', 'Crossfit', 'Candy Making', 'Gardening', 'Brazillian Jiu Jitsu']","['Nature', 'Music', 'Gaming']",https://randomuser.me/api/portraits/men/83.jpg
jacobssherry,$2b$12$Q1PUFjhN/AWRQ21LbGYvjeLpZZB6lfZ1BPwifHALGO6oIbyC3CmJe,aaronzavala@example.org,James,Chambers,95119,100,"['Crossfit', 'Swimming', 'Chess', 'Comedy Shows', 'Photography']","['Nature', 'Music', 'Outdoors']",https://randomuser.me/api/portraits/men/47.jpg
parkdanny,$2b$12$Q1PUFjhN/AWRQ21LbGYvjeLpZZB6lfZ1BPwifHALGO6oIbyC3CmJe,hkrause@example.net,Donald,Dillon,94605,100,"['Modeling', 'Playing musical instruments', 'Swimming', 'Beer Tasting', 'Photography']","['Nature', 'Music', 'Art']",https://randomuser.me/api/portraits/women/94.jpg
kaylamcintosh,$2b$12$Q1PUFjhN/AWRQ21LbGYvjeLpZZB6lfZ1BPwifHALGO6oIbyC3CmJe,clinesteven@example.org,Christopher,Davila,94605,100,"['Beer Tasting', 'Painting', 'Brazillian Jiu Jitsu', 'Playing musical instruments', 'Coding']","['Music', 'Outdoors', 'History']",https://randomuser.me/api/portraits/lego/2.jpg
gloriamartinez,$2b$12$Q1PUFjhN/AWRQ21LbGYvjeLpZZB6lfZ1BPwifHALGO6oIbyC3CmJe,johnturner@example.com,Valerie,Jordan,95119,100,"['Gardening', 'Comedy Shows', 'Painting', 'Movies', 'Brazillian Jiu Jitsu']","['Nature', 'Travel', 'Gaming']",https://randomuser.me/api/portraits/men/45.jpg
davidmann,$2b$12$Q1PUFjhN/AWRQ21LbGYvjeLpZZB6lfZ1BPwifHALGO6oIbyC3CmJe,griffinjennifer@example.net,Lisa,Curry,94509,100,"['Coding', 'Painting', 'Running', 'Swimming', 'Candy Making']","['Gaming', 'History', 'Music']",https://randomuser.me/api/portraits/men/65.jpg
qjones,$2b$12$Q1PUFjhN/AWRQ21LbGYvjeLpZZB6lfZ1BPwifHALGO6oIbyC3CmJe,katrinasantiago@example.com,Nicholas,Chambers,94507,100,"['Coding', 'Yoga', 'Modeling', 'Beer Tasting', 'Brazillian Jiu Jitsu']","['History', 'Gaming', 'Travel']",https://randomuser.me/api/portraits/women/80.jpg
theresabarron,$2b$12$Q1PUFjhN/AWRQ21LbGYvjeLpZZB6lfZ1BPwifHALGO6oIbyC3CmJe,youngjorge@example.net,Rebecca,Hanna,94507,100,"['Gardening', 'Candy Making', 'Painting', 'Beer Tasting', 'Judo']","['History', 'Outdoors', 'Music']",https://randomuser.me/api/portraits/men/85.jpg
pblake,$2b$12$Q1PUFjhN/AWRQ21LbGYvjeLpZZB6lfZ1BPwifHALGO6oIbyC3CmJe,omacdonald@example.com,Jeremy,Perez,94507,100,"['Chess', 'Modeling', 'Video Games', 'Beer Tasting', 'Swimming']","['Nature', 'Music', 'Travel']",https://randomuser.me/api/portraits/women/33.jpg
dennisamy,$2b$12$Q1PUFjhN/AWRQ21LbGYvjeLpZZB6lfZ1BPwifHALGO6oIbyC3CmJe,jacksonjuan@example.net,Michael,Delgado,94540,100,"['Coding', 'Swimming', 'Crossfit', 'Modeling', 'Movies']","['Gaming', 'Outdoors', 'Travel']",https://randomuser.me/api/portraits/women/63.jpg
fshields,$2b$12$Q1PUFjhN/AWRQ21LbGYvjeLpZZB6lfZ1BPwifHALGO6oIbyC3CmJe,felicia90@example.org,Connie,Robinson,94509,100,"['Video Games', 'Modeling', 'Swimming', 'Photography', 'Judo']","['Art', 'Nature', 'History']",https://randomuser.me/api/portraits/men/70.jpg
nrobinson,$2b$12$Q1PUFjhN/AWRQ21LbGYvjeLpZZB6lfZ1BPwifHALGO6oIbyC3CmJe,tylerdavis@example.com,Jacqueline,Ponce,94016,100,"['Chess', 'Swimming', 'Painting', 'Movies', 'Video Games']","['Travel', 'Art', 'Outdoors']",https://randomuser.me/api/portraits/men/87.jpg
adamanderson,$2b$12$Q1PUFjhN/AWRQ21LbGYvjeLpZZB6lfZ1BPwifHALGO6oIbyC3CmJe,jasonward@example.org,Brianna,Hartman,94507,100,"['Video Games', 'Swimming', 'Brazillian Jiu Jitsu', 'Modeling', 'Running']","['History', 'Outdoors', 'Music']",https://randomuser.me/api/portraits/women/15.jpg
cookjoshua,$2b$12$Q1PUFjhN/AWRQ21LbGYvjeLpZZB6lfZ1BPwifHALGO6oIbyC3CmJe,benitezpatricia@example.org,Charles,Patel,94701,100,"['Movies', 'Brazillian Jiu Jitsu', 'Coding', 'Modeling', 'Crossfit']","['Gaming', 'Art', 'Nature']",https://randomuser.me/api/portraits/women/68.jpg
hawkinsnicole,$2b$12$Q1PUFjhN/AWRQ21LbGYvjeLpZZB6lfZ1BPwifHALGO6oIbyC3CmJe,brenda33@example.org,Emma,Torres,94509,100,"['Candy Making', 'Chess', 'Yoga', 'Photography', 'Painting']","['Art', 'Outdoors', 'Gaming']",https://randomuser.me/api/portraits/men/96.jpg
lblankenship,$2b$12$Q1PUFjhN/AWRQ21LbGYvjeLpZZB6lfZ1BPwifHALGO6oIbyC3CmJe,jesushess@example.com,Henry,Ramirez,94507,100,"['Playing musical instruments', 'Candy Making', 'Swimming', 'Coding', 'Brazillian Jiu Jitsu']","['Nature', 'Music', 'Outdoors']",https://randomuser.me/api/portraits/women/31.jpg
hlewis,$2b$12$Q1PUFjhN/AWRQ21LbGYvjeLpZZB6lfZ1BPwifHALGO6oIbyC3CmJe,pchristensen@example.com,Aaron,Robinson,94701,100,"['Candy Making', 'Chess', 'Comedy Shows', 'Painting', 'Judo']","['History', 'Art', 'Outdoors']",https://randomuser.me/api/portraits/women/20.jpg
michaelcooper,$2b$12$Q1PUFjhN/AWRQ21LbGYvjeLpZZB6lfZ1BPwifHALGO6oIbyC3CmJe,princetammy@example.net,Sergio,Garcia,95119,100,"['Modeling', 'Judo', 'Brazillian Jiu Jitsu', 'Playing musical instruments', 'Photography']","['History', 'Gaming', 'Outdoors']",https://randomuser.me/api/portraits/men/60.jpg
annsmith,$2b$12$Q1PUFjhN/AWRQ21LbGYvjeLpZZB6lfZ1BPwifHALGO6oIbyC3CmJe,alexander22@example.com,Gina,Williams,94509,100,"['Coding', 'Swimming', 'Running', 'Movies', 'Judo']","['Nature', 'Art', 'Gaming']",https://randomuser.me/api/portraits/men/16.jpg
zduffy,$2b$12$Q1PUFjhN/AWRQ21LbGYvjeLpZZB6lfZ1BPwifHALGO6oIbyC3CmJe,katie14@example.org,Jacqueline,King,94507,100,"['Candy Making', 'Playing musical instruments', 'Chess', 'Brazillian Jiu Jitsu', 'Photography']","['Outdoors', 'Art', 'History']",https://randomuser.me/api/portraits/women/95.jpg
curtis86,$2b$12$Q1PUFjhN/AWRQ21LbGYvjeLpZZB6lfZ1BPwifHALGO6oIbyC3CmJe,sandracampbell@example.org,Ariel,Allen,94701,100,"['Chess', 'Swimming', 'Coding', 'Yoga', 'Running']","['History', 'Outdoors', 'Nature']",https://randomuser.me/api/portraits/lego/1.jpg
karensmith,$2b$12$Q1PUFjhN/AWRQ21LbGYvjeLpZZB6lfZ1BPwifHALGO6oIbyC3CmJe,vtorres@example.com,Kenneth,Rosario,94507,100,"['Swimming', 'Running', 'Crossfit', 'Candy Making', 'Brazillian Jiu Jitsu']","['Travel', 'Art', 'Outdoors']",https://randomuser.me/api/portraits/men/3.jpg
browntroy,$2b$12$Q1PUFjhN/AWRQ21LbGYvjeLpZZB6lfZ1BPwifHALGO6oIbyC3CmJe,wcampos@example.org,Bryan,Massey,94701,100,"['Yoga', 'Brazillian Jiu Jitsu', 'Swimming', 'Painting', 'Comedy Shows']","['Gaming', 'History', 'Art']",https://randomuser.me/api/portraits/men/83.jpg
davisnancy,$2b$12$Q1PUFjhN/AWRQ21LbGYvjeLpZZB6lfZ1BPwifHALGO6oIbyC3CmJe,elizabeth57@example.com,Patrick,Smith,94605,100,"['Brazillian Jiu Jitsu', 'Movies', 'Beer Tasting', 'Comedy Shows', 'Playing musical instruments']","['Art', 'Gaming', 'Travel']",https://randomuser.me/api/portraits/women/26.jpg
lisa09,$2b$12$Q1PUFjhN/AWRQ21LbGYvjeLpZZB6lfZ1BPwifHALGO6oIbyC3CmJe,farrellmark@example.org,Joel,Cardenas,94605,100,"['Swimming', 'Painting', 'Brazillian Jiu Jitsu', 'Modeling', 'Chess']","['Travel', 'Art', 'Nature']",https://randomuser.me/api/portraits/women/35.jpg
danielle01,$2b$12$Q1PUFjhN/AWRQ21LbGYvjeLpZZB6lfZ1BPwifHALGO6oIbyC3CmJe,coxtara@example.com,Amy,Mcgee,94701,100,"['Modeling', 'Judo', 'Beer Tasting', 'Comedy Shows', 'Photography']","['Gaming', 'Nature', 'History']",https://randomuser.me/api/portraits/men/18.jpg
tinaflores,$2b$12$Q1PUFjhN/AWRQ21LbGYvjeLpZZB6lfZ1BPwifHALGO6oIbyC3CmJe,jasonford@example.net,Rebecca,Lyons,94507,100,"['Photography', 'Yoga', 'Chess', 'Candy Making', 'Judo']","['Art', 'Gaming', 'History']",https://randomuser.me/api/portraits/men/7.jpg
justin08,$2b$12$Q1PUFjhN/AWRQ21LbGYvjeLpZZB6lfZ1BPwifHALGO6oIbyC3CmJe,russomarco@example.org,Michael,Wong,95119,100,"['Candy Making', 'Photography', 'Running', 'Painting', 'Judo']","['Travel', 'Outdoors', 'History']",https://randomuser.me/api/portraits/women/76.jpg
mike75,$2b$12$Q1PUFjhN/AWRQ21LbGYvjeLpZZB6lfZ1BPwifHALGO6oIbyC3CmJe,krameremily@example.org,Anthony,Long,94507,100,"['Chess', 'Yoga', 'Judo', 'Movies', 'Brazillian Jiu Jitsu']","['Travel', 'Music', 'Gaming']",https://randomuser.me/api/portraits/men/44.jpg
deborah36,$2b$12$Q1PUFjhN/AWRQ21LbGYvjeLpZZB6lfZ1BPwifHALGO6oIbyC3CmJe,ashleyguzman@example.org,Jacob,Brown,94605,100,"['Crossfit', 'Judo', 'Playing musical instruments', 'Painting', 'Photography']","['Outdoors', 'Nature', 'History']",https://randomuser.me/api/portraits/women/63.jpg
jennifer55,$2b$12$Q1PUFjhN/AWRQ21LbGYvjeLpZZB6lfZ1BPwifHALGO6oIbyC3CmJe,erinlee@example.net,Bridget,Fields,95119,100,"['Modeling', 'Photography', 'Judo', 'Candy Making', 'Yoga']","['Art', 'Gaming', 'Nature']",https://randomuser.me/api/portraits/men/16.jpg
ashleyhernandez,$2b$12$Q1PUFjhN/AWRQ21LbGYvjeLpZZB6lfZ1BPwifHALGO6oIbyC3CmJe,simsrachel@example.net,Dustin,Davis,94509,100,"['Candy Making', 'Chess', 'Painting', 'Gardening', 'Photography']","['Art', 'Travel', 'Gaming']",https://randomuser.me/api/portraits/men/39.jpg
elliottlydia,$2b$12$Q1PUFjhN/AWRQ21LbGYvjeLpZZB6lfZ1BPwifHALGO6oIbyC3CmJe,morrisonwayne@example.net,Rhonda,Salazar,94605,100,"['Gardening', 'Candy Making', 'Swimming', 'Brazillian Jiu Jitsu', 'Photography']","['Gaming', 'Outdoors', 'Art']",https://randomuser.me/api/portraits/men/18.jpg
johnnyrandolph,$2b$12$Q1PUFjhN/AWRQ21LbGYvjeLpZZB6lfZ1BPwifHALGO6oIbyC3CmJe,chadhull@example.com,Clayton,Yu,94701,100,"['Movies', 'Video Games', 'Playing musical instruments', 'Painting', 'Beer Tasting']","['Nature', 'Music', 'Outdoors']",https://randomuser.me/api/portraits/women/17.jpg
scervantes,$2b$12$Q1PUFjhN/AWRQ21LbGYvjeLpZZB6lfZ1BPwifHALGO6oIbyC3CmJe,feliciakennedy@example.net,Priscilla,Hernandez,94016,100,"['Beer Tasting', 'Judo', 'Painting', 'Photography', 'Coding']","['Nature', 'History', 'Outdoors']",https://randomuser.me/api/portraits/women/55.jpg
jonathan19,$2b$12$Q1PUFjhN/AWRQ21LbGYvjeLpZZB6lfZ1BPwifHALGO6oIbyC3CmJe,kendra68@example.net,Tyler,Rodriguez,95119,100,"['Photography', 'Playing musical instruments', 'Candy Making', 'Running', 'Modeling']","['Art', 'Travel', 'History']",https://randomuser.me/api/portraits/women/61.jpg
lisa60,$2b$12$Q1PUFjhN/AWRQ21LbGYvjeLpZZB6lfZ1BPwifHALGO6oIbyC3CmJe,thall@example.org,Veronica,Willis,94701,100,"['Video Games', 'Playing musical instruments', 'Chess', 'Crossfit', 'Brazillian Jiu Jitsu']","['Gaming', 'History', 'Nature']",https://randomuser.me/api/portraits/women/96.jpg
brandon00,$2b$12$Q1PUFjhN/AWRQ21LbGYvjeLpZZB6lfZ1BPwifHALGO6oIbyC3CmJe,dianeanderson@example.net,Caleb,Graham,94509,100,"['Yoga', 'Coding', 'Gardening', 'Comedy Shows', 'Chess']","['Outdoors', 'Travel', 'Music']",https://randomuser.me/api/portraits/men/6.jpg
nicholaskelley,$2b$12$Q1PUFjhN/AWRQ21LbGYvjeLpZZB6lfZ1BPwifHALGO6oIbyC3CmJe,krystal82@example.org,Joseph,Kaiser,94605,100,"['Crossfit', 'Modeling', 'Painting', 'Beer Tasting', 'Video Games']","['Nature', 'Travel', 'Music']",https://randomuser.me/api/portraits/women/50.jpg
gerald97,$2b$12$Q1PUFjhN/AWRQ21LbGYvjeLpZZB6lfZ1BPwifHALGO6oIbyC3CmJe,trice@example.com,Lee,Armstrong,94509,100,"['Coding', 'Candy Making', 'Playing musical instruments', 'Comedy Shows', 'Modeling']","['Art', 'Travel', 'Outdoors']",https://randomuser.me/api/portraits/men/5.jpg
isabel26,$2b$12$Q1PUFjhN/AWRQ21LbGYvjeLpZZB6lfZ1BPwifHALGO6oIbyC3CmJe,williamsveronica@example.com,Alfred,Reynolds,94701,100,"['Candy Making', 'Judo', 'Painting', 'Swimming', 'Coding']","['Outdoors', 'Art', 'History']",https://randomuser.me/api/portraits/men/82.jpg
iallen,$2b$12$Q1PUFjhN/AWRQ21LbGYvjeLpZZB6lfZ1BPwifHALGO6oIbyC3CmJe,santiagodavid@example.com,Victoria,Ryan,95119,100,"['Gardening', 'Judo', 'Comedy Shows', 'Coding', 'Swimming']","['Outdoors', 'Art', 'Music']",https://randomuser.me/api/portraits/men/81.jpg
phyllis83,$2b$12$Q1PUFjhN/AWRQ21LbGYvjeLpZZB6lfZ1BPwifHALGO6oIbyC3CmJe,gburke@example.net,Mary,Davis,94509,100,"['Modeling', 'Beer Tasting', 'Painting', 'Photography', 'Movies']","['Nature', 'Art', 'Travel']",https://randomuser.me/api/portraits/women/83.jpg
rwood,$2b$12$Q1PUFjhN/AWRQ21LbGYvjeLpZZB6lfZ1BPwifHALGO6oIbyC3CmJe,scottgallagher@example.com,Lauren,Nelson,94016,100,"['Coding', 'Chess', 'Beer Tasting', 'Movies', 'Comedy Shows']","['Music', 'Travel', 'Outdoors']",https://randomuser.me/api/portraits/women/61.jpg
rodneymartinez,$2b$12$Q1PUFjhN/AWRQ21LbGYvjeLpZZB6lfZ1BPwifHALGO6oIbyC3CmJe,randalljohn@example.com,Phillip,King,94016,100,"['Chess', 'Comedy Shows', 'Gardening', 'Photography', 'Running']","['Nature', 'Art', 'Gaming']",https://randomuser.me/api/portraits/men/14.jpg
jason23,$2b$12$Q1PUFjhN/AWRQ21LbGYvjeLpZZB6lfZ1BPwifHALGO6oIbyC3CmJe,eburton@example.net,Scott,Barajas,95119,100,"['Movies', 'Photography', 'Playing musical instruments', 'Judo', 'Video Games']","['Travel', 'Nature', 'Music']",https://randomuser.me/api/portraits/women/60.jpg
davisthomas,$2b$12$Q1PUFjhN/AWRQ21LbGYvjeLpZZB6lfZ1BPwifHALGO6oIbyC3CmJe,brianna50@example.net,Anthony,Spencer,94540,100,"['Gardening', 'Comedy Shows', 'Playing musical instruments', 'Painting', 'Chess']","['Art', 'Outdoors', 'Gaming']",https://randomuser.me/api/portraits/women/32.jpg
christygarcia,$2b$12$Q1PUFjhN/AWRQ21LbGYvjeLpZZB6lfZ1BPwifHALGO6oIbyC3CmJe,brian67@example.org,Jason,Rojas,94540,100,"['Running', 'Chess', 'Brazillian Jiu Jitsu', 'Modeling', 'Photography']","['Travel', 'Gaming', 'Outdoors']",https://randomuser.me/api/portraits/men/52.jpg
shannon42,$2b$12$Q1PUFjhN/AWRQ21LbGYvjeLpZZB6lfZ1BPwifHALGO6oIbyC3CmJe,cbrooks@example.net,Jessica,Garcia,94540,100,"['Video Games', 'Running', 'Swimming', 'Judo', 'Chess']","['Travel', 'Outdoors', 'Music']",https://randomuser.me/api/portraits/women/91.jpg
werneremily,$2b$12$Q1PUFjhN/AWRQ21LbGYvjeLpZZB6lfZ1BPwifHALGO6oIbyC3CmJe,arnoldjulie@example.org,Joshua,Smith,94507,100,"['Coding', 'Beer Tasting', 'Swimming', 'Modeling', 'Comedy Shows']","['Travel', 'Art', 'Outdoors']",https://randomuser.me/api/portraits/lego/2.jpg
tbowman,$2b$12$Q1PUFjhN/AWRQ21LbGYvjeLpZZB6lfZ1BPwifHALGO6oIbyC3CmJe,rileybaker@example.com,Angela,Hamilton,94507,100,"['Beer Tasting', 'Photography', 'Candy Making', 'Coding', 'Brazillian Jiu Jitsu']","['Gaming', 'Travel', 'Music']",https://randomuser.me/api/portraits/men/58.jpg
haneystephanie,$2b$12$Q1PUFjhN/AWRQ21LbGYvjeLpZZB6lfZ1BPwifHALGO6oIbyC3CmJe,christopherchan@example.org,Kaitlin,Lewis,94509,100,"['Candy Making', 'Swimming', 'Movies', 'Painting', 'Modeling']","['Nature', 'History', 'Art']",https://randomuser.me/api/portraits/women/42.jpg
parksstephanie,$2b$12$Q1PUFjhN/AWRQ21LbGYvjeLpZZB6lfZ1BPwifHALGO6oIbyC3CmJe,anthonyrocha@example.org,Shannon,Nelson,94509,100,"['Chess', 'Yoga', 'Beer Tasting', 'Running', 'Video Games']","['Music', 'Gaming', 'Nature']",https://randomuser.me/api/portraits/women/35.jpg
katherine67,$2b$12$Q1PUFjhN/AWRQ21LbGYvjeLpZZB6lfZ1BPwifHALGO6oIbyC3CmJe,leedavis@example.net,Jordan,Burns,94540,100,"['Candy Making', 'Beer Tasting', 'Running', 'Playing musical instruments', 'Movies']","['Travel', 'Nature', 'Gaming']",https://randomuser.me/api/portraits/women/53.jpg
jerry25,$2b$12$Q1PUFjhN/AWRQ21LbGYvjeLpZZB6lfZ1BPwifHALGO6oIbyC3CmJe,tapiahunter@example.org,Debbie,Woodward,94701,100,"['Running', 'Photography', 'Swimming', 'Brazillian Jiu Jitsu', 'Beer Tasting']","['Art', 'Music', 'Gaming']",https://randomuser.me/api/portraits/women/43.jpg
wardadam,$2b$12$Q1PUFjhN/AWRQ21LbGYvjeLpZZB6lfZ1BPwifHALGO6oIbyC3CmJe,amycannon@example.net,Joshua,Gray,94509,100,"['Modeling', 'Beer Tasting', 'Painting', 'Swimming', 'Judo']","['Outdoors', 'Music', 'Gaming']",https://randomuser.me/api/portraits/men/21.jpg
brent70,$2b$12$Q1PUFjhN/AWRQ21LbGYvjeLpZZB6lfZ1BPwifHALGO6oIbyC3CmJe,lauraday@example.com,Jessica,Bauer,95119,100,"['Yoga', 'Brazillian Jiu Jitsu', 'Comedy Shows', 'Gardening', 'Modeling']","['Travel', 'History', 'Gaming']",https://randomuser.me/api/portraits/men/30.jpg
fergusonchristopher,$2b$12$Q1PUFjhN/AWRQ21LbGYvjeLpZZB6lfZ1BPwifHALGO6oIbyC3CmJe,alyssabaker@example.com,Austin,Stark,94701,100,"['Candy Making', 'Modeling', 'Crossfit', 'Yoga', 'Painting']","['Outdoors', 'Nature', 'Music']",https://randomuser.me/api/portraits/women/18.jpg
paul41,$2b$12$Q1PUFjhN/AWRQ21LbGYvjeLpZZB6lfZ1BPwifHALGO6oIbyC3CmJe,adamstamara@example.com,April,White,94507,100,"['Comedy Shows', 'Yoga', 'Beer Tasting', 'Video Games', 'Photography']","['Gaming', 'Outdoors', 'Travel']",https://randomuser.me/api/portraits/women/80.jpg
julian33,$2b$12$Q1PUFjhN/AWRQ21LbGYvjeLpZZB6lfZ1BPwifHALGO6oIbyC3CmJe,tanyafisher@example.com,John,Bates,94016,100,"['Playing musical instruments', 'Candy Making', 'Judo', 'Movies', 'Swimming']","['Art', 'Gaming', 'Music']",https://randomuser.me/api/portraits/men/34.jpg
eanderson,$2b$12$Q1PUFjhN/AWRQ21LbGYvjeLpZZB6lfZ1BPwifHALGO6oIbyC3CmJe,molly56@example.net,Christina,Webb,94605,100,"['Beer Tasting', 'Painting', 'Coding', 'Video Games', 'Gardening']","['Music', 'Art', 'History']",https://randomuser.me/api/portraits/women/83.jpg
oalvarado,$2b$12$Q1PUFjhN/AWRQ21LbGYvjeLpZZB6lfZ1BPwifHALGO6oIbyC3CmJe,aprilhamilton@example.com,Kelly,Green,94507,100,"['Swimming', 'Running', 'Gardening', 'Painting', 'Modeling']","['History', 'Nature', 'Travel']",https://randomuser.me/api/portraits/women/89.jpg
paulamoore,$2b$12$Q1PUFjhN/AWRQ21LbGYvjeLpZZB6lfZ1BPwifHALGO6oIbyC3CmJe,daniel68@example.com,Shane,Hughes,94540,100,"['Gardening', 'Candy Making', 'Chess', 'Running', 'Video Games']","['Art', 'Nature', 'Travel']",https://randomuser.me/api/portraits/women/86.jpg
leonardkelley,$2b$12$Q1PUFjhN/AWRQ21LbGYvjeLpZZB6lfZ1BPwifHALGO6oIbyC3CmJe,carriegates@example.com,James,Mann,94507,100,"['Judo', 'Running', 'Movies', 'Photography', 'Brazillian Jiu Jitsu']","['Travel', 'Music', 'Nature']",https://randomuser.me/api/portraits/men/16.jpg
madison86,$2b$12$Q1PUFjhN/AWRQ21LbGYvjeLpZZB6lfZ1BPwifHALGO6oIbyC3CmJe,henry11@example.com,Shaun,Rollins,94540,100,"['Judo', 'Running', 'Photography', 'Video Games', 'Painting']","['Gaming', 'Travel', 'Music']",https://randomuser.me/api/portraits/women/45.jpg
alicia82,$2b$12$Q1PUFjhN/AWRQ21LbGYvjeLpZZB6lfZ1BPwifHALGO6oIbyC3CmJe,chelsea59@example.com,Felicia,Malone,95119,100,"['Brazillian Jiu Jitsu', 'Coding', 'Playing musical instruments', 'Comedy Shows', 'Candy Making']","['Music', 'Art', 'History']",https://randomuser.me/api/portraits/women/81.jpg
sullivancarlos,$2b$12$Q1PUFjhN/AWRQ21LbGYvjeLpZZB6lfZ1BPwifHALGO6oIbyC3CmJe,elizabethstone@example.net,Heather,Campbell,94701,100,"['Brazillian Jiu Jitsu', 'Yoga', 'Modeling', 'Comedy Shows', 'Gardening']","['Nature', 'History', 'Travel']",https://randomuser.me/api/portraits/men/55.jpg
hsandoval,$2b$12$Q1PUFjhN/AWRQ21LbGYvjeLpZZB6lfZ1BPwifHALGO6oIbyC3CmJe,russellheather@example.net,Amber,Hamilton,94605,100,"['Coding', 'Photography', 'Running', 'Judo', 'Painting']","['Travel', 'Gaming', 'Music']",https://randomuser.me/api/portraits/women/46.jpg
lesliemann,$2b$12$Q1PUFjhN/AWRQ21LbGYvjeLpZZB6lfZ1BPwifHALGO6oIbyC3CmJe,jenniferharvey@example.org,Jason,Yoder,94701,100,"['Playing musical instruments', 'Modeling', 'Video Games', 'Beer Tasting', 'Candy Making']","['Art', 'History', 'Travel']",https://randomuser.me/api/portraits/men/55.jpg
lduke,$2b$12$Q1PUFjhN/AWRQ21LbGYvjeLpZZB6lfZ1BPwifHALGO6oIbyC3CmJe,romeromary@example.org,Hannah,Thompson,94540,100,"['Beer Tasting', 'Comedy Shows', 'Running', 'Crossfit', 'Gardening']","['History', 'Gaming', 'Nature']",https://randomuser.me/api/portraits/men/67.jpg
john98,$2b$12$Q1PUFjhN/AWRQ21LbGYvjeLpZZB6lfZ1BPwifHALGO6oIbyC3CmJe,vincentdonovan@example.com,Gail,Hurst,94016,100,"['Coding', 'Running', 'Swimming', 'Comedy Shows', 'Movies']","['Travel', 'Gaming', 'Nature']",https://randomuser.me/api/portraits/men/78.jpg
jeremiahjohnston,$2b$12$Q1PUFjhN/AWRQ21LbGYvjeLpZZB6lfZ1BPwifHALGO6oIbyC3CmJe,rhall@example.net,John,Johnson,94509,100,"['Crossfit', 'Modeling', 'Gardening', 'Painting', 'Chess']","['Art', 'Nature', 'Gaming']",https://randomuser.me/api/portraits/men/70.jpg
sjones,$2b$12$Q1PUFjhN/AWRQ21LbGYvjeLpZZB6lfZ1BPwifHALGO6oIbyC3CmJe,dunnkrystal@example.com,William,Potter,94509,100,"['Photography', 'Movies', 'Crossfit', 'Playing musical instruments', 'Chess']","['Travel', 'Art', 'Music']",https://randomuser.me/api/portraits/women/62.jpg
vargaskelly,$2b$12$Q1PUFjhN/AWRQ21LbGYvjeLpZZB6lfZ1BPwifHALGO6oIbyC3CmJe,michaelrodriguez@example.net,Michael,Gibson,95119,100,"['Photography', 'Judo', 'Painting', 'Playing musical instruments', 'Candy Making']","['History', 'Gaming', 'Art']",https://randomuser.me/api/portraits/women/96.jpg
qkrueger,$2b$12$Q1PUFjhN/AWRQ21LbGYvjeLpZZB6lfZ1BPwifHALGO6oIbyC3CmJe,kingjoshua@example.net,Carl,Peterson,94605,100,"['Gardening', 'Chess', 'Yoga', 'Crossfit', 'Video Games']","['Gaming', 'Music', 'Travel']",https://randomuser.me/api/portraits/men/45.jpg
merrittjason,$2b$12$Q1PUFjhN/AWRQ21LbGYvjeLpZZB6lfZ1BPwifHALGO6oIbyC3CmJe,alexa92@example.org,Patrick,Rios,94701,100,"['Brazillian Jiu Jitsu', 'Playing musical instruments', 'Comedy Shows', 'Judo', 'Yoga']","['Music', 'Nature', 'History']",https://randomuser.me/api/portraits/lego/6.jpg
atapia,$2b$12$Q1PUFjhN/AWRQ21LbGYvjeLpZZB6lfZ1BPwifHALGO6oIbyC3CmJe,bsutton@example.net,Kristen,Jackson,94507,100,"['Candy Making', 'Comedy Shows', 'Beer Tasting', 'Photography', 'Judo']","['Outdoors', 'Music', 'History']",https://randomuser.me/api/portraits/women/80.jpg
gonzalezbrandy,$2b$12$Q1PUFjhN/AWRQ21LbGYvjeLpZZB6lfZ1BPwifHALGO6oIbyC3CmJe,lmelton@example.net,Denise,Bates,94605,100,"['Running', 'Video Games', 'Candy Making', 'Painting', 'Chess']","['Travel', 'Art', 'Outdoors']",https://randomuser.me/api/portraits/men/68.jpg
kurt17,$2b$12$Q1PUFjhN/AWRQ21LbGYvjeLpZZB6lfZ1BPwifHALGO6oIbyC3CmJe,elizabethreynolds@example.org,Veronica,Nolan,94509,100,"['Video Games', 'Painting', 'Movies', 'Coding', 'Playing musical instruments']","['Travel', 'Music', 'Art']",https://randomuser.me/api/portraits/women/26.jpg
xmartin,$2b$12$Q1PUFjhN/AWRQ21LbGYvjeLpZZB6lfZ1BPwifHALGO6oIbyC3CmJe,jose61@example.net,Natasha,Gonzales,94540,100,"['Photography', 'Brazillian Jiu Jitsu', 'Running', 'Modeling', 'Candy Making']","['Travel', 'Nature', 'Music']",https://randomuser.me/api/portraits/women/97.jpg
tannerstokes,$2b$12$Q1PUFjhN/AWRQ21LbGYvjeLpZZB6lfZ1BPwifHALGO6oIbyC3CmJe,nicholasramirez@example.com,Nathan,Hall,94605,100,"['Beer Tasting', 'Gardening', 'Painting', 'Chess', 'Brazillian Jiu Jitsu']","['Nature', 'Travel', 'Art']",https://randomuser.me/api/portraits/women/41.jpg
holderkelsey,$2b$12$Q1PUFjhN/AWRQ21LbGYvjeLpZZB6lfZ1BPwifHALGO6oIbyC3CmJe,tpotter@example.net,Jesus,Freeman,95119,100,"['Candy Making', 'Yoga', 'Swimming', 'Playing musical instruments', 'Judo']","['Travel', 'Nature', 'Art']",https://randomuser.me/api/portraits/men/71.jpg
saramatthews,$2b$12$Q1PUFjhN/AWRQ21LbGYvjeLpZZB6lfZ1BPwifHALGO6oIbyC3CmJe,wagnerelizabeth@example.org,Eileen,Ryan,94540,100,"['Yoga', 'Comedy Shows', 'Video Games', 'Candy Making', 'Judo']","['Music', 'Outdoors', 'Art']",https://randomuser.me/api/portraits/lego/9.jpg
awilson,$2b$12$Q1PUFjhN/AWRQ21LbGYvjeLpZZB6lfZ1BPwifHALGO6oIbyC3CmJe,mercedes30@example.org,Amanda,Mcbride,94507,100,"['Brazillian Jiu Jitsu', 'Painting', 'Movies', 'Gardening', 'Beer Tasting']","['Gaming', 'Travel', 'Art']",https://randomuser.me/api/portraits/women/47.jpg
tylerbrewer,$2b$12$Q1PUFjhN/AWRQ21LbGYvjeLpZZB6lfZ1BPwifHALGO6oIbyC3CmJe,nicolejones@example.net,Kara,Brown,94605,100,"['Crossfit', 'Judo', 'Swimming', 'Coding', 'Candy Making']","['Travel', 'History', 'Outdoors']",https://randomuser.me/api/portraits/women/18.jpg
heather79,$2b$12$Q1PUFjhN/AWRQ21LbGYvjeLpZZB6lfZ1BPwifHALGO6oIbyC3CmJe,sydneygeorge@example.net,James,Lopez,94540,100,"['Judo', 'Beer Tasting', 'Comedy Shows', 'Gardening', 'Painting']","['Gaming', 'Nature', 'Music']",https://randomuser.me/api/portraits/women/52.jpg
melindabrown,$2b$12$Q1PUFjhN/AWRQ21LbGYvjeLpZZB6lfZ1BPwifHALGO6oIbyC3CmJe,chaynes@example.org,Sophia,Willis,95119,100,"['Coding', 'Brazillian Jiu Jitsu', 'Judo', 'Video Games', 'Painting']","['Art', 'Music', 'Gaming']",https://randomuser.me/api/portraits/women/60.jpg
jonathanglover,$2b$12$Q1PUFjhN/AWRQ21LbGYvjeLpZZB6lfZ1BPwifHALGO6oIbyC3CmJe,jonesdaniel@example.org,Ryan,Schmidt,94507,100,"['Video Games', 'Judo', 'Chess', 'Painting', 'Brazillian Jiu Jitsu']","['History', 'Art', 'Nature']",https://randomuser.me/api/portraits/men/25.jpg
lee30,$2b$12$Q1PUFjhN/AWRQ21LbGYvjeLpZZB6lfZ1BPwifHALGO6oIbyC3CmJe,ucox@example.net,Madison,Moran,94507,100,"['Beer Tasting', 'Crossfit', 'Swimming', 'Judo', 'Candy Making']","['Gaming', 'Travel', 'History']",https://randomuser.me/api/portraits/women/39.jpg
blackvanessa,$2b$12$Q1PUFjhN/AWRQ21LbGYvjeLpZZB6lfZ1BPwifHALGO6oIbyC3CmJe,chaneyjamie@example.com,Andre,Mcgee,94509,100,"['Yoga', 'Candy Making', 'Movies', 'Painting', 'Brazillian Jiu Jitsu']","['Travel', 'Music', 'History']",https://randomuser.me/api/portraits/men/20.jpg
ronald34,$2b$12$Q1PUFjhN/AWRQ21LbGYvjeLpZZB6lfZ1BPwifHALGO6oIbyC3CmJe,jerryrose@example.org,Dawn,King,94016,100,"['Comedy Shows', 'Candy Making', 'Running', 'Swimming', 'Crossfit']","['Travel', 'Music', 'History']",https://randomuser.me/api/portraits/women/72.jpg
mroberts,$2b$12$Q1PUFjhN/AWRQ21LbGYvjeLpZZB6lfZ1BPwifHALGO6oIbyC3CmJe,michael61@example.com,Kevin,Gray,94605,100,"['Yoga', 'Coding', 'Movies', 'Brazillian Jiu Jitsu', 'Video Games']","['Outdoors', 'Music', 'Nature']",https://randomuser.me/api/portraits/men/61.jpg
linda17,$2b$12$Q1PUFjhN/AWRQ21LbGYvjeLpZZB6lfZ1BPwifHALGO6oIbyC3CmJe,carl62@example.org,Breanna,Flynn,95119,100,"['Running', 'Crossfit', 'Candy Making', 'Gardening', 'Video Games']","['Music', 'Nature', 'Art']",https://randomuser.me/api/portraits/men/52.jpg
riverakimberly,$2b$12$Q1PUFjhN/AWRQ21LbGYvjeLpZZB6lfZ1BPwifHALGO6oIbyC3CmJe,lanewarren@example.net,Calvin,West,94507,100,"['Comedy Shows', 'Painting', 'Coding', 'Swimming', 'Brazillian Jiu Jitsu']","['Nature', 'Outdoors', 'Art']",https://randomuser.me/api/portraits/women/27.jpg
michelle36,$2b$12$Q1PUFjhN/AWRQ21LbGYvjeLpZZB6lfZ1BPwifHALGO6oIbyC3CmJe,zmaldonado@example.org,Margaret,Thompson,94507,100,"['Modeling', 'Video Games', 'Judo', 'Movies', 'Coding']","['Gaming', 'Travel', 'Outdoors']",https://randomuser.me/api/portraits/women/16.jpg
florespatricia,$2b$12$Q1PUFjhN/AWRQ21LbGYvjeLpZZB6lfZ1BPwifHALGO6oIbyC3CmJe,powen@example.org,Cody,Kelly,94507,100,"['Modeling', 'Coding', 'Movies', 'Painting', 'Chess']","['Nature', 'Outdoors', 'History']",https://randomuser.me/api/portraits/men/6.jpg
michelleblake,$2b$12$Q1PUFjhN/AWRQ21LbGYvjeLpZZB6lfZ1BPwifHALGO6oIbyC3CmJe,ashley53@example.net,Ronald,Taylor,94507,100,"['Candy Making', 'Coding', 'Chess', 'Photography', 'Comedy Shows']","['Nature', 'Art', 'Gaming']",https://randomuser.me/api/portraits/men/89.jpg
molly51,$2b$12$Q1PUFjhN/AWRQ21LbGYvjeLpZZB6lfZ1BPwifHALGO6oIbyC3CmJe,aaron97@example.org,Linda,Miller,94507,100,"['Swimming', 'Gardening', 'Running', 'Beer Tasting', 'Candy Making']","['History', 'Nature', 'Travel']",https://randomuser.me/api/portraits/men/27.jpg
lwright,$2b$12$Q1PUFjhN/AWRQ21LbGYvjeLpZZB6lfZ1BPwifHALGO6oIbyC3CmJe,shannonfitzgerald@example.net,Zachary,Ho,94507,100,"['Gardening', 'Beer Tasting', 'Comedy Shows', 'Coding', 'Modeling']","['Nature', 'Gaming', 'Music']",https://randomuser.me/api/portraits/women/98.jpg
shannonhorton,$2b$12$Q1PUFjhN/AWRQ21LbGYvjeLpZZB6lfZ1BPwifHALGO6oIbyC3CmJe,qcruz@example.net,Megan,Waters,94016,100,"['Modeling', 'Candy Making', 'Yoga', 'Video Games', 'Comedy Shows']","['History', 'Art', 'Music']",https://randomuser.me/api/portraits/women/98.jpg
hudsonann,$2b$12$Q1PUFjhN/AWRQ21LbGYvjeLpZZB6lfZ1BPwifHALGO6oIbyC3CmJe,normanmullen@example.com,Alice,Stone,95119,100,"['Gardening', 'Candy Making', 'Modeling', 'Video Games', 'Coding']","['Music', 'Nature', 'Gaming']",https://randomuser.me/api/portraits/women/72.jpg
torrescrystal,$2b$12$Q1PUFjhN/AWRQ21LbGYvjeLpZZB6lfZ1BPwifHALGO6oIbyC3CmJe,watsonbryan@example.org,Joel,Lopez,94016,100,"['Brazillian Jiu Jitsu', 'Judo', 'Crossfit', 'Video Games', 'Gardening']","['Nature', 'Art', 'History']",https://randomuser.me/api/portraits/men/77.jpg
rebecca29,$2b$12$Q1PUFjhN/AWRQ21LbGYvjeLpZZB6lfZ1BPwifHALGO6oIbyC3CmJe,carloswilliams@example.com,Barbara,Owen,95119,100,"['Modeling', 'Gardening', 'Photography', 'Running', 'Video Games']","['Nature', 'Music', 'Outdoors']",https://randomuser.me/api/portraits/men/25.jpg
ricardobanks,$2b$12$Q1PUFjhN/AWRQ21LbGYvjeLpZZB6lfZ1BPwifHALGO6oIbyC3CmJe,bhall@example.org,Wendy,Mejia,94016,100,"['Coding', 'Brazillian Jiu Jitsu', 'Yoga', 'Candy Making', 'Photography']","['Gaming', 'Art', 'Music']",https://randomuser.me/api/portraits/women/93.jpg
joseph48,$2b$12$Q1PUFjhN/AWRQ21LbGYvjeLpZZB6lfZ1BPwifHALGO6oIbyC3CmJe,bandrews@example.net,Jason,Bell,95119,100,"['Playing musical instruments', 'Beer Tasting', 'Movies', 'Crossfit', 'Running']","['Outdoors', 'Music', 'Gaming']",https://randomuser.me/api/portraits/men/46.jpg
kathryn77,$2b$12$Q1PUFjhN/AWRQ21LbGYvjeLpZZB6lfZ1BPwifHALGO6oIbyC3CmJe,erincarlson@example.org,Kimberly,Page,94509,100,"['Coding', 'Chess', 'Judo', 'Candy Making', 'Painting']","['Music', 'Gaming', 'Nature']",https://randomuser.me/api/portraits/women/54.jpg
zewing,$2b$12$Q1PUFjhN/AWRQ21LbGYvjeLpZZB6lfZ1BPwifHALGO6oIbyC3CmJe,kenneth23@example.net,Veronica,Simmons,94509,100,"['Yoga', 'Comedy Shows', 'Playing musical instruments', 'Swimming', 'Running']","['Gaming', 'Travel', 'Art']",https://randomuser.me/api/portraits/women/66.jpg
elizabethdavis,$2b$12$Q1PUFjhN/AWRQ21LbGYvjeLpZZB6lfZ1BPwifHALGO6oIbyC3CmJe,tmccoy@example.org,Rebecca,Roberts,94016,100,"['Yoga', 'Chess', 'Crossfit', 'Comedy Shows', 'Beer Tasting']","['Art', 'History', 'Gaming']",https://randomuser.me/api/portraits/men/16.jpg
amanda44,$2b$12$Q1PUFjhN/AWRQ21LbGYvjeLpZZB6lfZ1BPwifHALGO6oIbyC3CmJe,joshuamartinez@example.com,Colin,Valdez,94605,100,"['Brazillian Jiu Jitsu', 'Yoga', 'Chess', 'Gardening', 'Photography']","['Outdoors', 'Music', 'History']",https://randomuser.me/api/portraits/men/55.jpg
marymiller,$2b$12$Q1PUFjhN/AWRQ21LbGYvjeLpZZB6lfZ1BPwifHALGO6oIbyC3CmJe,agrant@example.org,Eric,Soto,94507,100,"['Chess', 'Running', 'Beer Tasting', 'Judo', 'Brazillian Jiu Jitsu']","['History', 'Music', 'Travel']",https://randomuser.me/api/portraits/women/12.jpg
rcurry,$2b$12$Q1PUFjhN/AWRQ21LbGYvjeLpZZB6lfZ1BPwifHALGO6oIbyC3CmJe,websterearl@example.com,Susan,Davis,94540,100,"['Coding', 'Movies', 'Painting', 'Chess', 'Beer Tasting']","['Gaming', 'Outdoors', 'Music']",https://randomuser.me/api/portraits/men/0.jpg
jonathanmejia,$2b$12$Q1PUFjhN/AWRQ21LbGYvjeLpZZB6lfZ1BPwifHALGO6oIbyC3CmJe,tomlewis@example.com,Amanda,Mcdowell,94016,100,"['Video Games', 'Chess', 'Yoga', 'Playing musical instruments', 'Coding']","['Travel', 'Nature', 'History']",https://randomuser.me/api/portraits/women/4.jpg
donna13,$2b$12$Q1PUFjhN/AWRQ21LbGYvjeLpZZB6lfZ1BPwifHALGO6oIbyC3CmJe,duranchad@example.com,Barbara,Frost,94540,100,"['Coding', 'Video Games', 'Brazillian Jiu Jitsu', 'Candy Making', 'Movies']","['Travel', 'Art', 'Outdoors']",https://randomuser.me/api/portraits/women/3.jpg
melaniebuck,$2b$12$Q1PUFjhN/AWRQ21LbGYvjeLpZZB6lfZ1BPwifHALGO6oIbyC3CmJe,tinaramirez@example.net,Richard,Cardenas,94701,100,"['Running', 'Swimming', 'Crossfit', 'Candy Making', 'Photography']","['Travel', 'Outdoors', 'Gaming']",https://randomuser.me/api/portraits/men/95.jpg
ibrown,$2b$12$Q1PUFjhN/AWRQ21LbGYvjeLpZZB6lfZ1BPwifHALGO6oIbyC3CmJe,anthonysanders@example.net,Stephanie,Moreno,95119,100,"['Yoga', 'Photography', 'Running', 'Crossfit', 'Judo']","['Outdoors', 'Travel', 'Gaming']",https://randomuser.me/api/portraits/men/25.jpg
riverathomas,$2b$12$Q1PUFjhN/AWRQ21LbGYvjeLpZZB6lfZ1BPwifHALGO6oIbyC3CmJe,ksmith@example.org,James,Carson,94605,100,"['Modeling', 'Movies', 'Beer Tasting', 'Yoga', 'Coding']","['Outdoors', 'Travel', 'Nature']",https://randomuser.me/api/portraits/women/87.jpg
graykristi,$2b$12$Q1PUFjhN/AWRQ21LbGYvjeLpZZB6lfZ1BPwifHALGO6oIbyC3CmJe,aperry@example.com,Katherine,Vaughn,94507,100,"['Gardening', 'Beer Tasting', 'Crossfit', 'Modeling', 'Movies']","['Travel', 'Art', 'Gaming']",https://randomuser.me/api/portraits/lego/4.jpg
borr,$2b$12$Q1PUFjhN/AWRQ21LbGYvjeLpZZB6lfZ1BPwifHALGO6oIbyC3CmJe,patriciadelgado@example.com,Jeffery,Randolph,95119,100,"['Coding', 'Candy Making', 'Beer Tasting', 'Judo', 'Photography']","['Art', 'Outdoors', 'Nature']",https://randomuser.me/api/portraits/men/10.jpg
bramirez,$2b$12$Q1PUFjhN/AWRQ21LbGYvjeLpZZB6lfZ1BPwifHALGO6oIbyC3CmJe,beardelizabeth@example.org,Katie,Wilson,94701,100,"['Judo', 'Painting', 'Photography', 'Brazillian Jiu Jitsu', 'Comedy Shows']","['Outdoors', 'Travel', 'History']",https://randomuser.me/api/portraits/women/58.jpg
cassidycooley,$2b$12$Q1PUFjhN/AWRQ21LbGYvjeLpZZB6lfZ1BPwifHALGO6oIbyC3CmJe,maxwell49@example.org,Nicole,Dickerson,94605,100,"['Modeling', 'Video Games', 'Gardening', 'Photography', 'Painting']","['Gaming', 'History', 'Travel']",https://randomuser.me/api/portraits/women/32.jpg
flynnjoseph,$2b$12$Q1PUFjhN/AWRQ21LbGYvjeLpZZB6lfZ1BPwifHALGO6oIbyC3CmJe,aaron67@example.net,Michael,Hanna,94509,100,"['Running', 'Crossfit', 'Chess', 'Judo', 'Movies']","['History', 'Travel', 'Nature']",https://randomuser.me/api/portraits/women/62.jpg
tinarose,$2b$12$Q1PUFjhN/AWRQ21LbGYvjeLpZZB6lfZ1BPwifHALGO6oIbyC3CmJe,erin01@example.com,Tiffany,Gonzalez,94016,100,"['Judo', 'Video Games', 'Comedy Shows', 'Swimming', 'Modeling']","['Art', 'Gaming', 'Travel']",https://randomuser.me/api/portraits/women/21.jpg
vruiz,$2b$12$Q1PUFjhN/AWRQ21LbGYvjeLpZZB6lfZ1BPwifHALGO6oIbyC3CmJe,martinrebekah@example.com,Abigail,Hernandez,94507,100,"['Gardening', 'Video Games', 'Painting', 'Brazillian Jiu Jitsu', 'Modeling']","['Music', 'Gaming', 'Outdoors']",https://randomuser.me/api/portraits/men/30.jpg
ycarpenter,$2b$12$Q1PUFjhN/AWRQ21LbGYvjeLpZZB6lfZ1BPwifHALGO6oIbyC3CmJe,lholland@example.org,George,Bradley,94016,100,"['Judo', 'Running', 'Crossfit', 'Video Games', 'Coding']","['Art', 'Gaming', 'Nature']",https://randomuser.me/api/portraits/women/41.jpg
lisa71,$2b$12$Q1PUFjhN/AWRQ21LbGYvjeLpZZB6lfZ1BPwifHALGO6oIbyC3CmJe,williamsjulia@example.com,Carl,Strickland,95119,100,"['Video Games', 'Swimming', 'Candy Making', 'Crossfit', 'Painting']","['Travel', 'Nature', 'Gaming']",https://randomuser.me/api/portraits/men/4.jpg
vwelch,$2b$12$Q1PUFjhN/AWRQ21LbGYvjeLpZZB6lfZ1BPwifHALGO6oIbyC3CmJe,coleeric@example.net,Stephanie,Williams,94540,100,"['Modeling', 'Movies', 'Swimming', 'Brazillian Jiu Jitsu', 'Comedy Shows']","['History', 'Music', 'Travel']",https://randomuser.me/api/portraits/men/57.jpg
tward,$2b$12$Q1PUFjhN/AWRQ21LbGYvjeLpZZB6lfZ1BPwifHALGO6oIbyC3CmJe,egriffin@example.net,Brian,Black,94540,100,"['Painting', 'Movies', 'Chess', 'Coding', 'Judo']","['Travel', 'Gaming', 'Outdoors']",https://randomuser.me/api/portraits/women/53.jpg
rosstravis,$2b$12$Q1PUFjhN/AWRQ21LbGYvjeLpZZB6lfZ1BPwifHALGO6oIbyC3CmJe,michaelholland@example.com,Julie,Townsend,94509,100,"['Crossfit', 'Movies', 'Video Games', 'Comedy Shows', 'Brazillian Jiu Jitsu']","['History', 'Outdoors', 'Nature']",https://randomuser.me/api/portraits/men/65.jpg
jonathanchapman,$2b$12$Q1PUFjhN/AWRQ21LbGYvjeLpZZB6lfZ1BPwifHALGO6oIbyC3CmJe,jerryhall@example.com,Richard,Adams,94016,100,"['Playing musical instruments', 'Movies', 'Swimming', 'Candy Making', 'Painting']","['History', 'Outdoors', 'Art']",https://randomuser.me/api/portraits/women/81.jpg
lwade,$2b$12$Q1PUFjhN/AWRQ21LbGYvjeLpZZB6lfZ1BPwifHALGO6oIbyC3CmJe,rowens@example.net,Benjamin,Christensen,94016,100,"['Gardening', 'Swimming', 'Modeling', 'Candy Making', 'Brazillian Jiu Jitsu']","['Gaming', 'Nature', 'Music']",https://randomuser.me/api/portraits/women/0.jpg
kingshelley,$2b$12$Q1PUFjhN/AWRQ21LbGYvjeLpZZB6lfZ1BPwifHALGO6oIbyC3CmJe,shannon33@example.com,Zachary,Potter,94605,100,"['Candy Making', 'Beer Tasting', 'Modeling', 'Judo', 'Playing musical instruments']","['Art', 'Travel', 'Outdoors']",https://randomuser.me/api/portraits/women/56.jpg
mbrooks,$2b$12$Q1PUFjhN/AWRQ21LbGYvjeLpZZB6lfZ1BPwifHALGO6oIbyC3CmJe,lgonzalez@example.com,Robert,Fleming,94507,100,"['Beer Tasting', 'Candy Making', 'Gardening', 'Coding', 'Photography']","['History', 'Music', 'Outdoors']",https://randomuser.me/api/portraits/men/63.jpg
david49,$2b$12$Q1PUFjhN/AWRQ21LbGYvjeLpZZB6lfZ1BPwifHALGO6oIbyC3CmJe,makaylagray@example.net,Anthony,Conley,94605,100,"['Modeling', 'Crossfit', 'Running', 'Comedy Shows', 'Gardening']","['Outdoors', 'Nature', 'Travel']",https://randomuser.me/api/portraits/men/49.jpg
dana89,$2b$12$Q1PUFjhN/AWRQ21LbGYvjeLpZZB6lfZ1BPwifHALGO6oIbyC3CmJe,davisjoseph@example.com,Tammy,Humphrey,94507,100,"['Video Games', 'Comedy Shows', 'Coding', 'Chess', 'Brazillian Jiu Jitsu']","['History', 'Gaming', 'Music']",https://randomuser.me/api/portraits/women/36.jpg
carpenterjonathan,$2b$12$Q1PUFjhN/AWRQ21LbGYvjeLpZZB6lfZ1BPwifHALGO6oIbyC3CmJe,steelethomas@example.net,Kimberly,Rodriguez,94509,100,"['Swimming', 'Comedy Shows', 'Yoga', 'Movies', 'Gardening']","['Gaming', 'History', 'Music']",https://randomuser.me/api/portraits/men/50.jpg
darlenelopez,$2b$12$Q1PUFjhN/AWRQ21LbGYvjeLpZZB6lfZ1BPwifHALGO6oIbyC3CmJe,chelsea90@example.com,Joyce,Davis,94507,100,"['Swimming', 'Comedy Shows', 'Gardening', 'Modeling', 'Running']","['Outdoors', 'Travel', 'History']",https://randomuser.me/api/portraits/men/32.jpg
markbaker,$2b$12$Q1PUFjhN/AWRQ21LbGYvjeLpZZB6lfZ1BPwifHALGO6oIbyC3CmJe,yhernandez@example.com,Rachel,Dickerson,94701,100,"['Coding', 'Beer Tasting', 'Painting', 'Crossfit', 'Video Games']","['History', 'Music', 'Art']",https://randomuser.me/api/portraits/men/15.jpg
turnerbailey,$2b$12$Q1PUFjhN/AWRQ21LbGYvjeLpZZB6lfZ1BPwifHALGO6oIbyC3CmJe,torresdenise@example.org,Todd,Freeman,94605,100,"['Swimming', 'Chess', 'Beer Tasting', 'Video Games', 'Comedy Shows']","['Nature', 'Outdoors', 'Gaming']",https://randomuser.me/api/portraits/women/16.jpg
michael55,$2b$12$Q1PUFjhN/AWRQ21LbGYvjeLpZZB6lfZ1BPwifHALGO6oIbyC3CmJe,matthewmccall@example.org,Lisa,Haynes,94540,100,"['Candy Making', 'Judo', 'Video Games', 'Gardening', 'Modeling']","['Nature', 'Outdoors', 'Music']",https://randomuser.me/api/portraits/women/98.jpg
diazjeremy,$2b$12$Q1PUFjhN/AWRQ21LbGYvjeLpZZB6lfZ1BPwifHALGO6oIbyC3CmJe,phillip07@example.org,Amanda,Berg,94509,100,"['Modeling', 'Running', 'Chess', 'Yoga', 'Photography']","['History', 'Music', 'Nature']",https://randomuser.me/api/portraits/men/60.jpg
shawnbond,$2b$12$Q1PUFjhN/AWRQ21LbGYvjeLpZZB6lfZ1BPwifHALGO6oIbyC3CmJe,chenmark@example.com,James,Gordon,94509,100,"['Chess', 'Comedy Shows', 'Playing musical instruments', 'Judo', 'Photography']","['Nature', 'History', 'Gaming']",https://randomuser.me/api/portraits/women/55.jpg
grimesrodney,$2b$12$Q1PUFjhN/AWRQ21LbGYvjeLpZZB6lfZ1BPwifHALGO6oIbyC3CmJe,eric61@example.com,Lisa,Griffin,94701,100,"['Video Games', 'Swimming', 'Comedy Shows', 'Crossfit', 'Gardening']","['Outdoors', 'Music', 'Art']",https://randomuser.me/api/portraits/women/49.jpg
buckalexandra,$2b$12$Q1PUFjhN/AWRQ21LbGYvjeLpZZB6lfZ1BPwifHALGO6oIbyC3CmJe,andersonpam@example.net,Kristin,Boyd,95119,100,"['Candy Making', 'Modeling', 'Movies', 'Comedy Shows', 'Chess']","['Nature', 'Music', 'Art']",https://randomuser.me/api/portraits/men/61.jpg
heatherwood,$2b$12$Q1PUFjhN/AWRQ21LbGYvjeLpZZB6lfZ1BPwifHALGO6oIbyC3CmJe,timothymichael@example.net,Anthony,Stephens,94507,100,"['Beer Tasting', 'Crossfit', 'Brazillian Jiu Jitsu', 'Judo', 'Playing musical instruments']","['Nature', 'Outdoors', 'Travel']",https://randomuser.me/api/portraits/men/63.jpg
tyler96,$2b$12$Q1PUFjhN/AWRQ21LbGYvjeLpZZB6lfZ1BPwifHALGO6oIbyC3CmJe,zacharywilson@example.org,Justin,Stephens,94540,100,"['Photography', 'Brazillian Jiu Jitsu', 'Beer Tasting', 'Judo', 'Chess']","['Gaming', 'Nature', 'Outdoors']",https://randomuser.me/api/portraits/men/27.jpg
erikawhite,$2b$12$Q1PUFjhN/AWRQ21LbGYvjeLpZZB6lfZ1BPwifHALGO6oIbyC3CmJe,amber94@example.net,Amanda,Wall,94540,100,"['Candy Making', 'Photography', 'Movies', 'Beer Tasting', 'Video Games']","['Art', 'Music', 'Outdoors']",https://randomuser.me/api/portraits/women/83.jpg
ingrambrandon,$2b$12$Q1PUFjhN/AWRQ21LbGYvjeLpZZB6lfZ1BPwifHALGO6oIbyC3CmJe,tammy07@example.net,Heather,Goodman,94605,100,"['Coding', 'Movies', 'Video Games', 'Playing musical instruments', 'Photography']","['Outdoors', 'Art', 'Gaming']",https://randomuser.me/api/portraits/women/92.jpg
katie11,$2b$12$Q1PUFjhN/AWRQ21LbGYvjeLpZZB6lfZ1BPwifHALGO6oIbyC3CmJe,stephaniedrake@example.org,Jonathan,Chung,94016,100,"['Video Games', 'Running', 'Comedy Shows', 'Movies', 'Painting']","['Travel', 'Music', 'History']",https://randomuser.me/api/portraits/men/87.jpg
sandrarichardson,$2b$12$Q1PUFjhN/AWRQ21LbGYvjeLpZZB6lfZ1BPwifHALGO6oIbyC3CmJe,zrojas@example.net,Jason,Wheeler,94016,100,"['Beer Tasting', 'Comedy Shows', 'Brazillian Jiu Jitsu', 'Video Games', 'Modeling']","['Nature', 'History', 'Gaming']",https://randomuser.me/api/portraits/men/51.jpg
hernandezrodney,$2b$12$Q1PUFjhN/AWRQ21LbGYvjeLpZZB6lfZ1BPwifHALGO6oIbyC3CmJe,daniel93@example.net,Pamela,Wall,94509,100,"['Brazillian Jiu Jitsu', 'Modeling', 'Comedy Shows', 'Judo', 'Yoga']","['Outdoors', 'Nature', 'Gaming']",https://randomuser.me/api/portraits/women/94.jpg
erintyler,$2b$12$Q1PUFjhN/AWRQ21LbGYvjeLpZZB6lfZ1BPwifHALGO6oIbyC3CmJe,ericawright@example.net,Deborah,Walls,94507,100,"['Crossfit', 'Judo', 'Brazillian Jiu Jitsu', 'Movies', 'Modeling']","['Outdoors', 'Gaming', 'Travel']",https://randomuser.me/api/portraits/women/56.jpg
matthew86,$2b$12$Q1PUFjhN/AWRQ21LbGYvjeLpZZB6lfZ1BPwifHALGO6oIbyC3CmJe,browningsean@example.net,Paul,Dudley,94507,100,"['Beer Tasting', 'Swimming', 'Chess', 'Brazillian Jiu Jitsu', 'Playing musical instruments']","['Nature', 'Gaming', 'Art']",https://randomuser.me/api/portraits/men/95.jpg
janetbennett,$2b$12$Q1PUFjhN/AWRQ21LbGYvjeLpZZB6lfZ1BPwifHALGO6oIbyC3CmJe,leonard64@example.net,Gina,Owen,94540,100,"['Beer Tasting', 'Swimming', 'Candy Making', 'Gardening', 'Chess']","['Outdoors', 'History', 'Nature']",https://randomuser.me/api/portraits/men/84.jpg
christopherramos,$2b$12$Q1PUFjhN/AWRQ21LbGYvjeLpZZB6lfZ1BPwifHALGO6oIbyC3CmJe,davidwilcox@example.com,Molly,Campbell,94509,100,"['Comedy Shows', 'Judo', 'Beer Tasting', 'Gardening', 'Video Games']","['Gaming', 'Outdoors', 'Art']",https://randomuser.me/api/portraits/men/7.jpg
kara06,$2b$12$Q1PUFjhN/AWRQ21LbGYvjeLpZZB6lfZ1BPwifHALGO6oIbyC3CmJe,mandywalton@example.org,Rebecca,Mason,94540,100,"['Chess', 'Video Games', 'Painting', 'Photography', 'Crossfit']","['Art', 'Nature', 'Gaming']",https://randomuser.me/api/portraits/men/53.jpg
coltonmiddleton,$2b$12$Q1PUFjhN/AWRQ21LbGYvjeLpZZB6lfZ1BPwifHALGO6oIbyC3CmJe,jeffreyflores@example.org,Julie,Lester,94507,100,"['Movies', 'Video Games', 'Photography', 'Swimming', 'Yoga']","['Nature', 'Outdoors', 'Gaming']",https://randomuser.me/api/portraits/women/31.jpg
bthomas,$2b$12$Q1PUFjhN/AWRQ21LbGYvjeLpZZB6lfZ1BPwifHALGO6oIbyC3CmJe,ibird@example.com,Steven,Morales,94509,100,"['Judo', 'Gardening', 'Painting', 'Brazillian Jiu Jitsu', 'Comedy Shows']","['History', 'Travel', 'Outdoors']",https://randomuser.me/api/portraits/men/91.jpg
lucasmelissa,$2b$12$Q1PUFjhN/AWRQ21LbGYvjeLpZZB6lfZ1BPwifHALGO6oIbyC3CmJe,jorgegarcia@example.org,Jennifer,Carey,94605,100,"['Running', 'Playing musical instruments', 'Gardening', 'Yoga', 'Painting']","['Art', 'Gaming', 'Music']",https://randomuser.me/api/portraits/men/18.jpg
eturner,$2b$12$Q1PUFjhN/AWRQ21LbGYvjeLpZZB6lfZ1BPwifHALGO6oIbyC3CmJe,rogerstina@example.org,Kevin,Harrison,94016,100,"['Judo', 'Crossfit', 'Beer Tasting', 'Candy Making', 'Photography']","['Music', 'Art', 'History']",https://randomuser.me/api/portraits/women/82.jpg
dawndavis,$2b$12$Q1PUFjhN/AWRQ21LbGYvjeLpZZB6lfZ1BPwifHALGO6oIbyC3CmJe,bortiz@example.net,Timothy,Cunningham,95119,100,"['Chess', 'Swimming', 'Photography', 'Candy Making', 'Modeling']","['Gaming', 'Nature', 'Art']",https://randomuser.me/api/portraits/men/69.jpg
larry91,$2b$12$Q1PUFjhN/AWRQ21LbGYvjeLpZZB6lfZ1BPwifHALGO6oIbyC3CmJe,ycunningham@example.com,Felicia,Greene,95119,100,"['Chess', 'Movies', 'Photography', 'Candy Making', 'Coding']","['Travel', 'History', 'Nature']",https://randomuser.me/api/portraits/men/10.jpg
gordonjulie,$2b$12$Q1PUFjhN/AWRQ21LbGYvjeLpZZB6lfZ1BPwifHALGO6oIbyC3CmJe,kristenholt@example.com,Casey,Chapman,94701,100,"['Judo', 'Running', 'Comedy Shows', 'Crossfit', 'Video Games']","['Outdoors', 'Music', 'History']",https://randomuser.me/api/portraits/women/8.jpg
thomasshaw,$2b$12$Q1PUFjhN/AWRQ21LbGYvjeLpZZB6lfZ1BPwifHALGO6oIbyC3CmJe,justin28@example.com,Stacy,Hebert,94509,100,"['Video Games', 'Beer Tasting', 'Brazillian Jiu Jitsu', 'Judo', 'Swimming']","['Gaming', 'Art', 'Outdoors']",https://randomuser.me/api/portraits/men/55.jpg
benjaminsmith,$2b$12$Q1PUFjhN/AWRQ21LbGYvjeLpZZB6lfZ1BPwifHALGO6oIbyC3CmJe,amymccoy@example.org,Marissa,Finley,94540,100,"['Painting', 'Swimming', 'Brazillian Jiu Jitsu', 'Playing musical instruments', 'Beer Tasting']","['History', 'Art', 'Travel']",https://randomuser.me/api/portraits/women/57.jpg
ocollins,$2b$12$Q1PUFjhN/AWRQ21LbGYvjeLpZZB6lfZ1BPwifHALGO6oIbyC3CmJe,coreybarnett@example.com,Calvin,Holloway,94701,100,"['Comedy Shows', 'Modeling', 'Coding', 'Swimming', 'Photography']","['Outdoors', 'History', 'Music']",https://randomuser.me/api/portraits/women/0.jpg
iray,$2b$12$Q1PUFjhN/AWRQ21LbGYvjeLpZZB6lfZ1BPwifHALGO6oIbyC3CmJe,gwilkinson@example.com,Robert,Patel,94540,100,"['Crossfit', 'Beer Tasting', 'Painting', 'Photography', 'Gardening']","['Art', 'Nature', 'Travel']",https://randomuser.me/api/portraits/men/55.jpg
jamie14,$2b$12$Q1PUFjhN/AWRQ21LbGYvjeLpZZB6lfZ1BPwifHALGO6oIbyC3CmJe,joshua00@example.net,Anna,Moore,94540,100,"['Video Games', 'Chess', 'Coding', 'Movies', 'Swimming']","['History', 'Nature', 'Outdoors']",https://randomuser.me/api/portraits/men/22.jpg
kimberlymiller,$2b$12$Q1PUFjhN/AWRQ21LbGYvjeLpZZB6lfZ1BPwifHALGO6oIbyC3CmJe,erinenglish@example.net,James,Turner,94540,100,"['Judo', 'Brazillian Jiu Jitsu', 'Running', 'Playing musical instruments', 'Chess']","['Travel', 'Music', 'Outdoors']",https://randomuser.me/api/portraits/women/63.jpg
lgreen,$2b$12$Q1PUFjhN/AWRQ21LbGYvjeLpZZB6lfZ1BPwifHALGO6oIbyC3CmJe,duane52@example.net,Andrew,Sanchez,94016,100,"['Photography', 'Judo', 'Coding', 'Gardening', 'Running']","['Art', 'Music', 'Nature']",https://randomuser.me/api/portraits/women/28.jpg
donaldgalvan,$2b$12$Q1PUFjhN/AWRQ21LbGYvjeLpZZB6lfZ1BPwifHALGO6oIbyC3CmJe,ryoung@example.com,Joseph,Owens,94540,100,"['Chess', 'Brazillian Jiu Jitsu', 'Gardening', 'Running', 'Comedy Shows']","['Art', 'Nature', 'Outdoors']",https://randomuser.me/api/portraits/men/73.jpg
villarrealchristina,$2b$12$Q1PUFjhN/AWRQ21LbGYvjeLpZZB6lfZ1BPwifHALGO6oIbyC3CmJe,lauren82@example.com,James,Ross,94507,100,"['Running', 'Chess', 'Judo', 'Crossfit', 'Swimming']","['Music', 'Outdoors', 'Art']",https://randomuser.me/api/portraits/women/26.jpg
ronald55,$2b$12$Q1PUFjhN/AWRQ21LbGYvjeLpZZB6lfZ1BPwifHALGO6oIbyC3CmJe,robinsullivan@example.net,Heather,Ward,94540,100,"['Swimming', 'Crossfit', 'Painting', 'Judo', 'Chess']","['Gaming', 'History', 'Outdoors']",https://randomuser.me/api/portraits/men/62.jpg
shelly36,$2b$12$Q1PUFjhN/AWRQ21LbGYvjeLpZZB6lfZ1BPwifHALGO6oIbyC3CmJe,mary38@example.com,David,Flores,94540,100,"['Modeling', 'Painting', 'Comedy Shows', 'Photography', 'Coding']","['Travel', 'Art', 'History']",https://randomuser.me/api/portraits/men/34.jpg
sweeneybrett,$2b$12$Q1PUFjhN/AWRQ21LbGYvjeLpZZB6lfZ1BPwifHALGO6oIbyC3CmJe,cynthiawilkinson@example.com,Cindy,Baker,94016,100,"['Crossfit', 'Running', 'Comedy Shows', 'Swimming', 'Movies']","['Gaming', 'Outdoors', 'Music']",https://randomuser.me/api/portraits/men/86.jpg
coreywade,$2b$12$Q1PUFjhN/AWRQ21LbGYvjeLpZZB6lfZ1BPwifHALGO6oIbyC3CmJe,daltoncampbell@example.net,Paul,Donaldson,94016,100,"['Gardening', 'Swimming', 'Playing musical instruments', 'Photography', 'Judo']","['Gaming', 'Nature', 'Travel']",https://randomuser.me/api/portraits/women/90.jpg
erin28,$2b$12$Q1PUFjhN/AWRQ21LbGYvjeLpZZB6lfZ1BPwifHALGO6oIbyC3CmJe,robert94@example.org,Kathryn,Ball,94605,100,"['Judo', 'Coding', 'Candy Making', 'Painting', 'Chess']","['Gaming', 'Music', 'Nature']",https://randomuser.me/api/portraits/men/54.jpg
ashley18,$2b$12$Q1PUFjhN/AWRQ21LbGYvjeLpZZB6lfZ1BPwifHALGO6oIbyC3CmJe,meghan09@example.org,Kevin,Cruz,94540,100,"['Gardening', 'Modeling', 'Candy Making', 'Video Games', 'Judo']","['Nature', 'Art', 'History']",https://randomuser.me/api/portraits/men/9.jpg
maxwelljenny,$2b$12$Q1PUFjhN/AWRQ21LbGYvjeLpZZB6lfZ1BPwifHALGO6oIbyC3CmJe,briannadavis@example.com,Sarah,Robinson,94507,100,"['Judo', 'Coding', 'Photography', 'Modeling', 'Chess']","['Art', 'Nature', 'History']",https://randomuser.me/api/portraits/lego/2.jpg
gilbertrebecca,$2b$12$Q1PUFjhN/AWRQ21LbGYvjeLpZZB6lfZ1BPwifHALGO6oIbyC3CmJe,briangiles@example.net,Donald,Schmitt,94016,100,"['Coding', 'Swimming', 'Running', 'Beer Tasting', 'Yoga']","['Gaming', 'History', 'Travel']",https://randomuser.me/api/portraits/women/66.jpg
andrew12,$2b$12$Q1PUFjhN/AWRQ21LbGYvjeLpZZB6lfZ1BPwifHALGO6oIbyC3CmJe,michael75@example.net,Glenda,Flores,94701,100,"['Playing musical instruments', 'Painting', 'Brazillian Jiu Jitsu', 'Coding', 'Comedy Shows']","['Gaming', 'Art', 'History']",https://randomuser.me/api/portraits/men/2.jpg
mckeejennifer,$2b$12$Q1PUFjhN/AWRQ21LbGYvjeLpZZB6lfZ1BPwifHALGO6oIbyC3CmJe,david29@example.net,Martin,Francis,94701,100,"['Running', 'Playing musical instruments', 'Video Games', 'Painting', 'Judo']","['Music', 'Gaming', 'Nature']",https://randomuser.me/api/portraits/women/87.jpg
jessica46,$2b$12$Q1PUFjhN/AWRQ21LbGYvjeLpZZB6lfZ1BPwifHALGO6oIbyC3CmJe,evan94@example.net,Cheryl,Bailey,94701,100,"['Painting', 'Beer Tasting', 'Swimming', 'Brazillian Jiu Jitsu', 'Video Games']","['Nature', 'Music', 'Gaming']",https://randomuser.me/api/portraits/women/61.jpg
chadchoi,$2b$12$Q1PUFjhN/AWRQ21LbGYvjeLpZZB6lfZ1BPwifHALGO6oIbyC3CmJe,gregory69@example.org,Sharon,Ali,94605,100,"['Photography', 'Swimming', 'Beer Tasting', 'Video Games', 'Comedy Shows']","['History', 'Outdoors', 'Art']",https://randomuser.me/api/portraits/men/58.jpg
gpineda,$2b$12$Q1PUFjhN/AWRQ21LbGYvjeLpZZB6lfZ1BPwifHALGO6oIbyC3CmJe,tammy78@example.com,Timothy,Schultz,94605,100,"['Beer Tasting', 'Running', 'Crossfit', 'Chess', 'Gardening']","['Travel', 'Nature', 'Gaming']",https://randomuser.me/api/portraits/men/67.jpg
omann,$2b$12$Q1PUFjhN/AWRQ21LbGYvjeLpZZB6lfZ1BPwifHALGO6oIbyC3CmJe,millermichael@example.org,Sarah,French,94016,100,"['Candy Making', 'Coding', 'Chess', 'Brazillian Jiu Jitsu', 'Modeling']","['Travel', 'Outdoors', 'Art']",https://randomuser.me/api/portraits/lego/6.jpg
elizabethballard,$2b$12$Q1PUFjhN/AWRQ21LbGYvjeLpZZB6lfZ1BPwifHALGO6oIbyC3CmJe,michaelortiz@example.com,Randy,Lopez,95119,100,"['Coding', 'Swimming', 'Judo', 'Movies', 'Modeling']","['Art', 'Gaming', 'Music']",https://randomuser.me/api/portraits/women/59.jpg
drivera,$2b$12$Q1PUFjhN/AWRQ21LbGYvjeLpZZB6lfZ1BPwifHALGO6oIbyC3CmJe,cranebrandon@example.net,Daniel,Bullock,94701,100,"['Photography', 'Chess', 'Candy Making', 'Video Games', 'Playing musical instruments']","['Outdoors', 'History', 'Nature']",https://randomuser.me/api/portraits/men/20.jpg
johnjames,$2b$12$Q1PUFjhN/AWRQ21LbGYvjeLpZZB6lfZ1BPwifHALGO6oIbyC3CmJe,michelle80@example.net,Julie,Davis,94016,100,"['Comedy Shows', 'Video Games', 'Movies', 'Photography', 'Candy Making']","['Gaming', 'History', 'Art']",https://randomuser.me/api/portraits/men/85.jpg
josecrawford,$2b$12$Q1PUFjhN/AWRQ21LbGYvjeLpZZB6lfZ1BPwifHALGO6oIbyC3CmJe,joel85@example.net,James,Myers,95119,100,"['Painting', 'Beer Tasting', 'Swimming', 'Playing musical instruments', 'Coding']","['Music', 'Gaming', 'History']",https://randomuser.me/api/portraits/men/5.jpg
abigail58,$2b$12$Q1PUFjhN/AWRQ21LbGYvjeLpZZB6lfZ1BPwifHALGO6oIbyC3CmJe,theresaphillips@example.com,Mark,Rodgers,94605,100,"['Candy Making', 'Gardening', 'Movies', 'Brazillian Jiu Jitsu', 'Playing musical instruments']","['Art', 'Music', 'Travel']",https://randomuser.me/api/portraits/men/98.jpg
awright,$2b$12$Q1PUFjhN/AWRQ21LbGYvjeLpZZB6lfZ1BPwifHALGO6oIbyC3CmJe,tim22@example.org,Melinda,Williams,94509,100,"['Candy Making', 'Movies', 'Painting', 'Coding', 'Comedy Shows']","['Music', 'History', 'Outdoors']",https://randomuser.me/api/portraits/women/56.jpg
parksamber,$2b$12$Q1PUFjhN/AWRQ21LbGYvjeLpZZB6lfZ1BPwifHALGO6oIbyC3CmJe,kristenturner@example.com,Valerie,Cole,94507,100,"['Photography', 'Coding', 'Chess', 'Swimming', 'Running']","['History', 'Music', 'Nature']",https://randomuser.me/api/portraits/women/44.jpg
john19,$2b$12$Q1PUFjhN/AWRQ21LbGYvjeLpZZB6lfZ1BPwifHALGO6oIbyC3CmJe,taylorerin@example.com,Jimmy,Fleming,94701,100,"['Chess', 'Brazillian Jiu Jitsu', 'Yoga', 'Coding', 'Photography']","['History', 'Nature', 'Gaming']",https://randomuser.me/api/portraits/men/85.jpg
whitedouglas,$2b$12$Q1PUFjhN/AWRQ21LbGYvjeLpZZB6lfZ1BPwifHALGO6oIbyC3CmJe,conradjohnny@example.com,Jeremy,Wilkerson,94605,100,"['Painting', 'Chess', 'Modeling', 'Photography', 'Candy Making']","['Outdoors', 'Music', 'Gaming']",https://randomuser.me/api/portraits/men/59.jpg
ellenking,$2b$12$Q1PUFjhN/AWRQ21LbGYvjeLpZZB6lfZ1BPwifHALGO6oIbyC3CmJe,mbyrd@example.net,Breanna,Jones,94605,100,"['Modeling', 'Brazillian Jiu Jitsu', 'Coding', 'Running', 'Beer Tasting']","['Travel', 'History', 'Gaming']",https://randomuser.me/api/portraits/men/83.jpg
joseph51,$2b$12$Q1PUFjhN/AWRQ21LbGYvjeLpZZB6lfZ1BPwifHALGO6oIbyC3CmJe,marklewis@example.net,Matthew,Johnson,94540,100,"['Brazillian Jiu Jitsu', 'Photography', 'Coding', 'Gardening', 'Video Games']","['Travel', 'Outdoors', 'Gaming']",https://randomuser.me/api/portraits/men/86.jpg
swright,$2b$12$Q1PUFjhN/AWRQ21LbGYvjeLpZZB6lfZ1BPwifHALGO6oIbyC3CmJe,dcline@example.org,Tiffany,Clark,95119,100,"['Gardening', 'Candy Making', 'Chess', 'Playing musical instruments', 'Running']","['Outdoors', 'Art', 'Nature']",https://randomuser.me/api/portraits/men/20.jpg
xhumphrey,$2b$12$Q1PUFjhN/AWRQ21LbGYvjeLpZZB6lfZ1BPwifHALGO6oIbyC3CmJe,hwade@example.com,Dennis,Dunn,94507,100,"['Modeling', 'Video Games', 'Comedy Shows', 'Photography', 'Candy Making']","['Gaming', 'Art', 'Music']",https://randomuser.me/api/portraits/lego/5.jpg
heather84,$2b$12$Q1PUFjhN/AWRQ21LbGYvjeLpZZB6lfZ1BPwifHALGO6oIbyC3CmJe,taylordanielle@example.org,Ashley,Rogers,94509,100,"['Video Games', 'Candy Making', 'Running', 'Coding', 'Brazillian Jiu Jitsu']","['Travel', 'Outdoors', 'Art']",https://randomuser.me/api/portraits/women/2.jpg
tyler33,$2b$12$Q1PUFjhN/AWRQ21LbGYvjeLpZZB6lfZ1BPwifHALGO6oIbyC3CmJe,jimperry@example.org,Paula,Whitehead,95119,100,"['Crossfit', 'Movies', 'Photography', 'Playing musical instruments', 'Yoga']","['Music', 'Outdoors', 'Art']",https://randomuser.me/api/portraits/men/52.jpg
mclements,$2b$12$Q1PUFjhN/AWRQ21LbGYvjeLpZZB6lfZ1BPwifHALGO6oIbyC3CmJe,alexander78@example.net,Daniel,Martinez,94507,100,"['Modeling', 'Yoga', 'Judo', 'Photography', 'Swimming']","['Gaming', 'Nature', 'History']",https://randomuser.me/api/portraits/women/66.jpg
adavis,$2b$12$Q1PUFjhN/AWRQ21LbGYvjeLpZZB6lfZ1BPwifHALGO6oIbyC3CmJe,ashlee06@example.net,Christopher,Lee,95119,100,"['Running', 'Gardening', 'Judo', 'Playing musical instruments', 'Swimming']","['Outdoors', 'Nature', 'Music']",https://randomuser.me/api/portraits/men/37.jpg
vstrong,$2b$12$Q1PUFjhN/AWRQ21LbGYvjeLpZZB6lfZ1BPwifHALGO6oIbyC3CmJe,hartmatthew@example.com,Adam,Lang,95119,100,"['Movies', 'Swimming', 'Gardening', 'Comedy Shows', 'Yoga']","['Nature', 'History', 'Travel']",https://randomuser.me/api/portraits/women/1.jpg
tdunn,$2b$12$Q1PUFjhN/AWRQ21LbGYvjeLpZZB6lfZ1BPwifHALGO6oIbyC3CmJe,robertsrebecca@example.org,Robert,Guzman,94016,100,"['Chess', 'Playing musical instruments', 'Movies', 'Beer Tasting', 'Swimming']","['Outdoors', 'Nature', 'Art']",https://randomuser.me/api/portraits/women/79.jpg
herrerasandra,$2b$12$Q1PUFjhN/AWRQ21LbGYvjeLpZZB6lfZ1BPwifHALGO6oIbyC3CmJe,englishpamela@example.org,Anthony,Smith,94507,100,"['Movies', 'Chess', 'Judo', 'Swimming', 'Photography']","['Travel', 'History', 'Nature']",https://randomuser.me/api/portraits/men/39.jpg
jamiehensley,$2b$12$Q1PUFjhN/AWRQ21LbGYvjeLpZZB6lfZ1BPwifHALGO6oIbyC3CmJe,dbriggs@example.com,Jesse,Anderson,94540,100,"['Yoga', 'Running', 'Chess', 'Brazillian Jiu Jitsu', 'Coding']","['Outdoors', 'Music', 'Art']",https://randomuser.me/api/portraits/men/79.jpg
aaronvasquez,$2b$12$Q1PUFjhN/AWRQ21LbGYvjeLpZZB6lfZ1BPwifHALGO6oIbyC3CmJe,whitediane@example.org,John,Martinez,94605,100,"['Candy Making', 'Painting', 'Brazillian Jiu Jitsu', 'Photography', 'Yoga']","['Nature', 'Travel', 'Outdoors']",https://randomuser.me/api/portraits/men/36.jpg
shaunford,$2b$12$Q1PUFjhN/AWRQ21LbGYvjeLpZZB6lfZ1BPwifHALGO6oIbyC3CmJe,xyoung@example.com,Sean,Morgan,94507,100,"['Video Games', 'Movies', 'Comedy Shows', 'Coding', 'Running']","['Outdoors', 'Music', 'Gaming']",https://randomuser.me/api/portraits/men/53.jpg
matthewburke,$2b$12$Q1PUFjhN/AWRQ21LbGYvjeLpZZB6lfZ1BPwifHALGO6oIbyC3CmJe,davidreyes@example.net,Amanda,Smith,94701,100,"['Playing musical instruments', 'Beer Tasting', 'Gardening', 'Movies', 'Coding']","['Art', 'Travel', 'Outdoors']",https://randomuser.me/api/portraits/women/80.jpg
elizabeth94,$2b$12$Q1PUFjhN/AWRQ21LbGYvjeLpZZB6lfZ1BPwifHALGO6oIbyC3CmJe,zacharyburton@example.net,Kayla,Rice,95119,100,"['Brazillian Jiu Jitsu', 'Comedy Shows', 'Video Games', 'Crossfit', 'Yoga']","['Gaming', 'Music', 'History']",https://randomuser.me/api/portraits/men/70.jpg
dakotahickman,$2b$12$Q1PUFjhN/AWRQ21LbGYvjeLpZZB6lfZ1BPwifHALGO6oIbyC3CmJe,ttucker@example.net,Ashley,Blair,94605,100,"['Painting', 'Photography', 'Chess', 'Movies', 'Candy Making']","['Travel', 'Music', 'Nature']",https://randomuser.me/api/portraits/men/70.jpg
cynthia32,$2b$12$Q1PUFjhN/AWRQ21LbGYvjeLpZZB6lfZ1BPwifHALGO6oIbyC3CmJe,kathryn94@example.org,William,Barton,94540,100,"['Painting', 'Movies', 'Photography', 'Coding', 'Comedy Shows']","['Outdoors', 'Travel', 'History']",https://randomuser.me/api/portraits/men/21.jpg
fstout,$2b$12$Q1PUFjhN/AWRQ21LbGYvjeLpZZB6lfZ1BPwifHALGO6oIbyC3CmJe,ckelley@example.net,Daniel,Hall,94507,100,"['Modeling', 'Crossfit', 'Photography', 'Coding', 'Gardening']","['History', 'Nature', 'Music']",https://randomuser.me/api/portraits/men/2.jpg
kennethhoward,$2b$12$Q1PUFjhN/AWRQ21LbGYvjeLpZZB6lfZ1BPwifHALGO6oIbyC3CmJe,kristinanorris@example.net,Gary,Floyd,94605,100,"['Chess', 'Video Games', 'Painting', 'Movies', 'Running']","['Music', 'Nature', 'History']",https://randomuser.me/api/portraits/men/4.jpg
ronald59,$2b$12$Q1PUFjhN/AWRQ21LbGYvjeLpZZB6lfZ1BPwifHALGO6oIbyC3CmJe,haroldgriffin@example.net,Ashley,Taylor,95119,100,"['Modeling', 'Photography', 'Judo', 'Brazillian Jiu Jitsu', 'Crossfit']","['Travel', 'Nature', 'Music']",https://randomuser.me/api/portraits/men/42.jpg
gordonclinton,$2b$12$Q1PUFjhN/AWRQ21LbGYvjeLpZZB6lfZ1BPwifHALGO6oIbyC3CmJe,stephanie82@example.net,Lori,Mcgee,94016,100,"['Crossfit', 'Coding', 'Gardening', 'Modeling', 'Judo']","['Travel', 'Music', 'Nature']",https://randomuser.me/api/portraits/men/1.jpg
catherine14,$2b$12$Q1PUFjhN/AWRQ21LbGYvjeLpZZB6lfZ1BPwifHALGO6oIbyC3CmJe,kurtscott@example.net,Daniel,Holt,94701,100,"['Video Games', 'Gardening', 'Running', 'Swimming', 'Playing musical instruments']","['Outdoors', 'Nature', 'History']",https://randomuser.me/api/portraits/women/25.jpg
nataliewilliams,$2b$12$Q1PUFjhN/AWRQ21LbGYvjeLpZZB6lfZ1BPwifHALGO6oIbyC3CmJe,terryjessica@example.org,Katrina,Haney,94605,100,"['Brazillian Jiu Jitsu', 'Coding', 'Video Games', 'Playing musical instruments', 'Judo']","['Art', 'Gaming', 'Music']",https://randomuser.me/api/portraits/men/49.jpg
richardjennifer,$2b$12$Q1PUFjhN/AWRQ21LbGYvjeLpZZB6lfZ1BPwifHALGO6oIbyC3CmJe,collinslauren@example.com,Kyle,Jones,94701,100,"['Brazillian Jiu Jitsu', 'Candy Making', 'Judo', 'Video Games', 'Modeling']","['Nature', 'Travel', 'Gaming']",https://randomuser.me/api/portraits/men/41.jpg
thomasryan,$2b$12$Q1PUFjhN/AWRQ21LbGYvjeLpZZB6lfZ1BPwifHALGO6oIbyC3CmJe,ramosnathaniel@example.net,Gina,Harrison,94701,100,"['Crossfit', 'Gardening', 'Playing musical instruments', 'Brazillian Jiu Jitsu', 'Running']","['Nature', 'Art', 'Outdoors']",https://randomuser.me/api/portraits/men/33.jpg
christopher73,$2b$12$Q1PUFjhN/AWRQ21LbGYvjeLpZZB6lfZ1BPwifHALGO6oIbyC3CmJe,berrynathaniel@example.net,Justin,Conley,95119,100,"['Swimming', 'Crossfit', 'Judo', 'Beer Tasting', 'Gardening']","['Gaming', 'Music', 'Travel']",https://randomuser.me/api/portraits/women/58.jpg
jamie40,$2b$12$Q1PUFjhN/AWRQ21LbGYvjeLpZZB6lfZ1BPwifHALGO6oIbyC3CmJe,jimenezkatrina@example.com,Rhonda,Chapman,94701,100,"['Yoga', 'Judo', 'Swimming', 'Playing musical instruments', 'Movies']","['Art', 'Nature', 'Music']",https://randomuser.me/api/portraits/women/2.jpg
patrickkirby,$2b$12$Q1PUFjhN/AWRQ21LbGYvjeLpZZB6lfZ1BPwifHALGO6oIbyC3CmJe,thompsonsamantha@example.com,Rachel,Welch,94507,100,"['Brazillian Jiu Jitsu', 'Modeling', 'Running', 'Photography', 'Judo']","['Gaming', 'History', 'Music']",https://randomuser.me/api/portraits/men/29.jpg
austinholmes,$2b$12$Q1PUFjhN/AWRQ21LbGYvjeLpZZB6lfZ1BPwifHALGO6oIbyC3CmJe,elizabethayala@example.net,Natalie,Smith,94507,100,"['Chess', 'Video Games', 'Playing musical instruments', 'Gardening', 'Yoga']","['Outdoors', 'Art', 'Gaming']",https://randomuser.me/api/portraits/men/29.jpg
theresa64,$2b$12$Q1PUFjhN/AWRQ21LbGYvjeLpZZB6lfZ1BPwifHALGO6oIbyC3CmJe,ann17@example.com,Vanessa,Parker,94016,100,"['Playing musical instruments', 'Beer Tasting', 'Chess', 'Running', 'Judo']","['Outdoors', 'History', 'Music']",https://randomuser.me/api/portraits/women/88.jpg
proctorchristopher,$2b$12$Q1PUFjhN/AWRQ21LbGYvjeLpZZB6lfZ1BPwifHALGO6oIbyC3CmJe,tyler80@example.com,David,Cunningham,94540,100,"['Swimming', 'Yoga', 'Running', 'Coding', 'Chess']","['History', 'Nature', 'Art']",https://randomuser.me/api/portraits/women/19.jpg
jared39,$2b$12$Q1PUFjhN/AWRQ21LbGYvjeLpZZB6lfZ1BPwifHALGO6oIbyC3CmJe,adam27@example.org,Jesus,Martin,94605,100,"['Yoga', 'Running', 'Playing musical instruments', 'Chess', 'Brazillian Jiu Jitsu']","['Travel', 'Music', 'Art']",https://randomuser.me/api/portraits/men/4.jpg
jordanblair,$2b$12$Q1PUFjhN/AWRQ21LbGYvjeLpZZB6lfZ1BPwifHALGO6oIbyC3CmJe,martinezadam@example.org,Curtis,Buchanan,94540,100,"['Crossfit', 'Video Games', 'Painting', 'Gardening', 'Candy Making']","['Nature', 'Gaming', 'History']",https://randomuser.me/api/portraits/men/21.jpg
dukesusan,$2b$12$Q1PUFjhN/AWRQ21LbGYvjeLpZZB6lfZ1BPwifHALGO6oIbyC3CmJe,bmcmillan@example.org,Christina,Johnson,94507,100,"['Movies', 'Judo', 'Running', 'Video Games', 'Chess']","['Outdoors', 'History', 'Gaming']",https://randomuser.me/api/portraits/women/11.jpg
gonzalezjennifer,$2b$12$Q1PUFjhN/AWRQ21LbGYvjeLpZZB6lfZ1BPwifHALGO6oIbyC3CmJe,amberjarvis@example.net,Michael,Williams,94605,100,"['Movies', 'Coding', 'Swimming', 'Beer Tasting', 'Comedy Shows']","['Travel', 'Music', 'Outdoors']",https://randomuser.me/api/portraits/women/33.jpg
ubell,$2b$12$Q1PUFjhN/AWRQ21LbGYvjeLpZZB6lfZ1BPwifHALGO6oIbyC3CmJe,alexanderallen@example.com,Jose,Jones,94509,100,"['Comedy Shows', 'Brazillian Jiu Jitsu', 'Beer Tasting', 'Chess', 'Playing musical instruments']","['Nature', 'Outdoors', 'Music']",https://randomuser.me/api/portraits/women/4.jpg
alexis41,$2b$12$Q1PUFjhN/AWRQ21LbGYvjeLpZZB6lfZ1BPwifHALGO6oIbyC3CmJe,joseph35@example.net,Steven,Lopez,94540,100,"['Gardening', 'Painting', 'Comedy Shows', 'Video Games', 'Running']","['Outdoors', 'Art', 'Travel']",https://randomuser.me/api/portraits/men/30.jpg
lcain,$2b$12$Q1PUFjhN/AWRQ21LbGYvjeLpZZB6lfZ1BPwifHALGO6oIbyC3CmJe,david10@example.net,Joseph,Jones,94605,100,"['Modeling', 'Video Games', 'Movies', 'Chess', 'Brazillian Jiu Jitsu']","['Travel', 'Gaming', 'Music']",https://randomuser.me/api/portraits/lego/5.jpg
vpayne,$2b$12$Q1PUFjhN/AWRQ21LbGYvjeLpZZB6lfZ1BPwifHALGO6oIbyC3CmJe,lbrown@example.net,Bryan,Marquez,94507,100,"['Swimming', 'Comedy Shows', 'Modeling', 'Playing musical instruments', 'Judo']","['Gaming', 'Art', 'Outdoors']",https://randomuser.me/api/portraits/men/96.jpg
owarren,$2b$12$Q1PUFjhN/AWRQ21LbGYvjeLpZZB6lfZ1BPwifHALGO6oIbyC3CmJe,zperkins@example.net,Erika,Perez,94509,100,"['Comedy Shows', 'Crossfit', 'Coding', 'Swimming', 'Judo']","['Outdoors', 'Music', 'Travel']",https://randomuser.me/api/portraits/men/61.jpg
bholt,$2b$12$Q1PUFjhN/AWRQ21LbGYvjeLpZZB6lfZ1BPwifHALGO6oIbyC3CmJe,vsmall@example.org,Megan,Herrera,94605,100,"['Movies', 'Swimming', 'Candy Making', 'Gardening', 'Photography']","['Art', 'Nature', 'Outdoors']",https://randomuser.me/api/portraits/women/20.jpg
dustin78,$2b$12$Q1PUFjhN/AWRQ21LbGYvjeLpZZB6lfZ1BPwifHALGO6oIbyC3CmJe,jenniferward@example.org,Nicole,Flores,94605,100,"['Judo', 'Movies', 'Running', 'Swimming', 'Brazillian Jiu Jitsu']","['History', 'Travel', 'Outdoors']",https://randomuser.me/api/portraits/women/32.jpg
michael28,$2b$12$Q1PUFjhN/AWRQ21LbGYvjeLpZZB6lfZ1BPwifHALGO6oIbyC3CmJe,april09@example.net,Joanne,Smith,94540,100,"['Coding', 'Brazillian Jiu Jitsu', 'Modeling', 'Painting', 'Chess']","['Music', 'History', 'Outdoors']",https://randomuser.me/api/portraits/women/34.jpg
wparker,$2b$12$Q1PUFjhN/AWRQ21LbGYvjeLpZZB6lfZ1BPwifHALGO6oIbyC3CmJe,delgadogeorge@example.com,Brandon,Henderson,94016,100,"['Movies', 'Yoga', 'Comedy Shows', 'Photography', 'Gardening']","['Outdoors', 'Gaming', 'Travel']",https://randomuser.me/api/portraits/men/50.jpg
jwells,$2b$12$Q1PUFjhN/AWRQ21LbGYvjeLpZZB6lfZ1BPwifHALGO6oIbyC3CmJe,levinekimberly@example.net,David,Ryan,94540,100,"['Video Games', 'Running', 'Movies', 'Comedy Shows', 'Playing musical instruments']","['Gaming', 'Outdoors', 'Nature']",https://randomuser.me/api/portraits/women/7.jpg
qschwartz,$2b$12$Q1PUFjhN/AWRQ21LbGYvjeLpZZB6lfZ1BPwifHALGO6oIbyC3CmJe,sotocheryl@example.net,Kenneth,Vaughn,94507,100,"['Judo', 'Playing musical instruments', 'Modeling', 'Gardening', 'Movies']","['Outdoors', 'Gaming', 'Travel']",https://randomuser.me/api/portraits/men/88.jpg
yparker,$2b$12$Q1PUFjhN/AWRQ21LbGYvjeLpZZB6lfZ1BPwifHALGO6oIbyC3CmJe,porterkaren@example.com,Maria,Nelson,94701,100,"['Painting', 'Beer Tasting', 'Brazillian Jiu Jitsu', 'Comedy Shows', 'Playing musical instruments']","['History', 'Travel', 'Music']",https://randomuser.me/api/portraits/men/88.jpg
eric77,$2b$12$Q1PUFjhN/AWRQ21LbGYvjeLpZZB6lfZ1BPwifHALGO6oIbyC3CmJe,tcollier@example.com,Scott,Morrow,95119,100,"['Chess', 'Running', 'Coding', 'Painting', 'Video Games']","['Nature', 'History', 'Music']",https://randomuser.me/api/portraits/women/28.jpg
robinpetty,$2b$12$Q1PUFjhN/AWRQ21LbGYvjeLpZZB6lfZ1BPwifHALGO6oIbyC3CmJe,joel07@example.net,Christopher,Knapp,94701,100,"['Chess', 'Judo', 'Painting', 'Comedy Shows', 'Coding']","['Outdoors', 'Travel', 'History']",https://randomuser.me/api/portraits/men/64.jpg
amandapena,$2b$12$Q1PUFjhN/AWRQ21LbGYvjeLpZZB6lfZ1BPwifHALGO6oIbyC3CmJe,vavila@example.net,Daniel,Mcguire,94701,100,"['Beer Tasting', 'Chess', 'Gardening', 'Video Games', 'Movies']","['Music', 'Nature', 'Art']",https://randomuser.me/api/portraits/men/80.jpg
micheal77,$2b$12$Q1PUFjhN/AWRQ21LbGYvjeLpZZB6lfZ1BPwifHALGO6oIbyC3CmJe,wallrobert@example.com,Alexander,Ramirez,94701,100,"['Yoga', 'Comedy Shows', 'Candy Making', 'Photography', 'Chess']","['Outdoors', 'Music', 'Travel']",https://randomuser.me/api/portraits/men/88.jpg
gmartinez,$2b$12$Q1PUFjhN/AWRQ21LbGYvjeLpZZB6lfZ1BPwifHALGO6oIbyC3CmJe,gregory27@example.org,Jessica,Murphy,95119,100,"['Running', 'Video Games', 'Judo', 'Playing musical instruments', 'Chess']","['Gaming', 'Outdoors', 'Travel']",https://randomuser.me/api/portraits/women/71.jpg
jjimenez,$2b$12$Q1PUFjhN/AWRQ21LbGYvjeLpZZB6lfZ1BPwifHALGO6oIbyC3CmJe,edward99@example.com,Michael,Thomas,94016,100,"['Gardening', 'Painting', 'Running', 'Coding', 'Brazillian Jiu Jitsu']","['Art', 'Gaming', 'Music']",https://randomuser.me/api/portraits/men/4.jpg
coxnicholas,$2b$12$Q1PUFjhN/AWRQ21LbGYvjeLpZZB6lfZ1BPwifHALGO6oIbyC3CmJe,brogers@example.com,David,Lopez,94605,100,"['Playing musical instruments', 'Running', 'Candy Making', 'Coding', 'Beer Tasting']","['Art', 'Travel', 'Gaming']",https://randomuser.me/api/portraits/men/45.jpg
melinda60,$2b$12$Q1PUFjhN/AWRQ21LbGYvjeLpZZB6lfZ1BPwifHALGO6oIbyC3CmJe,markwong@example.net,Ashley,Mclaughlin,95119,100,"['Chess', 'Painting', 'Candy Making', 'Brazillian Jiu Jitsu', 'Yoga']","['Nature', 'Music', 'Travel']",https://randomuser.me/api/portraits/men/56.jpg
johncolon,$2b$12$Q1PUFjhN/AWRQ21LbGYvjeLpZZB6lfZ1BPwifHALGO6oIbyC3CmJe,colleenmason@example.com,Stephanie,White,94509,100,"['Modeling', 'Movies', 'Photography', 'Crossfit', 'Running']","['Gaming', 'Music', 'Travel']",https://randomuser.me/api/portraits/men/50.jpg
dianeromero,$2b$12$Q1PUFjhN/AWRQ21LbGYvjeLpZZB6lfZ1BPwifHALGO6oIbyC3CmJe,lloydkathleen@example.com,Christina,Wallace,94701,100,"['Running', 'Painting', 'Movies', 'Modeling', 'Comedy Shows']","['Travel', 'Outdoors', 'History']",https://randomuser.me/api/portraits/women/41.jpg
hmalone,$2b$12$Q1PUFjhN/AWRQ21LbGYvjeLpZZB6lfZ1BPwifHALGO6oIbyC3CmJe,jjohns@example.net,Eric,Hampton,94509,100,"['Running', 'Judo', 'Yoga', 'Movies', 'Swimming']","['Art', 'Travel', 'Gaming']",https://randomuser.me/api/portraits/men/99.jpg
edward71,$2b$12$Q1PUFjhN/AWRQ21LbGYvjeLpZZB6lfZ1BPwifHALGO6oIbyC3CmJe,schultzryan@example.com,Carolyn,Johnson,95119,100,"['Crossfit', 'Yoga', 'Coding', 'Swimming', 'Beer Tasting']","['Travel', 'Gaming', 'History']",https://randomuser.me/api/portraits/men/65.jpg
colonjoshua,$2b$12$Q1PUFjhN/AWRQ21LbGYvjeLpZZB6lfZ1BPwifHALGO6oIbyC3CmJe,james86@example.net,William,Brown,95119,100,"['Painting', 'Comedy Shows', 'Crossfit', 'Gardening', 'Modeling']","['Gaming', 'Outdoors', 'Art']",https://randomuser.me/api/portraits/lego/2.jpg
annaharvey,$2b$12$Q1PUFjhN/AWRQ21LbGYvjeLpZZB6lfZ1BPwifHALGO6oIbyC3CmJe,shelly57@example.net,Dorothy,Davis,94016,100,"['Gardening', 'Modeling', 'Movies', 'Brazillian Jiu Jitsu', 'Crossfit']","['Art', 'Outdoors', 'Travel']",https://randomuser.me/api/portraits/women/0.jpg
cindygarcia,$2b$12$Q1PUFjhN/AWRQ21LbGYvjeLpZZB6lfZ1BPwifHALGO6oIbyC3CmJe,williamsjordan@example.org,Barbara,Harvey,95119,100,"['Brazillian Jiu Jitsu', 'Painting', 'Crossfit', 'Comedy Shows', 'Yoga']","['History', 'Outdoors', 'Travel']",https://randomuser.me/api/portraits/women/76.jpg
ewhite,$2b$12$Q1PUFjhN/AWRQ21LbGYvjeLpZZB6lfZ1BPwifHALGO6oIbyC3CmJe,watkinsdavid@example.org,Michael,Wilson,94540,100,"['Coding', 'Chess', 'Modeling', 'Yoga', 'Comedy Shows']","['History', 'Outdoors', 'Travel']",https://randomuser.me/api/portraits/men/89.jpg
ywoods,$2b$12$Q1PUFjhN/AWRQ21LbGYvjeLpZZB6lfZ1BPwifHALGO6oIbyC3CmJe,stonemichael@example.net,James,Smith,95119,100,"['Beer Tasting', 'Playing musical instruments', 'Photography', 'Painting', 'Crossfit']","['Nature', 'Outdoors', 'Travel']",https://randomuser.me/api/portraits/women/10.jpg
vsuarez,$2b$12$Q1PUFjhN/AWRQ21LbGYvjeLpZZB6lfZ1BPwifHALGO6oIbyC3CmJe,alyssawoodward@example.net,Stacy,Bailey,94507,100,"['Playing musical instruments', 'Crossfit', 'Painting', 'Chess', 'Brazillian Jiu Jitsu']","['Travel', 'Music', 'Gaming']",https://randomuser.me/api/portraits/men/10.jpg
robertrobertson,$2b$12$Q1PUFjhN/AWRQ21LbGYvjeLpZZB6lfZ1BPwifHALGO6oIbyC3CmJe,wmiller@example.org,Matthew,Mullen,94016,100,"['Beer Tasting', 'Photography', 'Running', 'Brazillian Jiu Jitsu', 'Painting']","['Art', 'Outdoors', 'Travel']",https://randomuser.me/api/portraits/women/82.jpg
umiller,$2b$12$Q1PUFjhN/AWRQ21LbGYvjeLpZZB6lfZ1BPwifHALGO6oIbyC3CmJe,twilliams@example.org,Christopher,Murphy,94605,100,"['Modeling', 'Candy Making', 'Playing musical instruments', 'Judo', 'Movies']","['Music', 'History', 'Gaming']",https://randomuser.me/api/portraits/women/0.jpg
john02,$2b$12$Q1PUFjhN/AWRQ21LbGYvjeLpZZB6lfZ1BPwifHALGO6oIbyC3CmJe,tnunez@example.net,Jean,Williams,94509,100,"['Crossfit', 'Modeling', 'Yoga', 'Gardening', 'Painting']","['Art', 'Gaming', 'Music']",https://randomuser.me/api/portraits/women/75.jpg
michaelallen,$2b$12$Q1PUFjhN/AWRQ21LbGYvjeLpZZB6lfZ1BPwifHALGO6oIbyC3CmJe,ithomas@example.com,Ellen,Young,94016,100,"['Crossfit', 'Painting', 'Photography', 'Video Games', 'Comedy Shows']","['Outdoors', 'Music', 'Art']",https://randomuser.me/api/portraits/men/15.jpg
grosslisa,$2b$12$Q1PUFjhN/AWRQ21LbGYvjeLpZZB6lfZ1BPwifHALGO6oIbyC3CmJe,spencejames@example.com,Theresa,Jackson,94507,100,"['Comedy Shows', 'Painting', 'Photography', 'Running', 'Movies']","['Gaming', 'Nature', 'Outdoors']",https://randomuser.me/api/portraits/men/30.jpg
phillipgonzales,$2b$12$Q1PUFjhN/AWRQ21LbGYvjeLpZZB6lfZ1BPwifHALGO6oIbyC3CmJe,dorseymark@example.com,Joel,Juarez,94509,100,"['Judo', 'Coding', 'Video Games', 'Chess', 'Movies']","['Nature', 'Art', 'Travel']",https://randomuser.me/api/portraits/men/56.jpg
anthony52,$2b$12$Q1PUFjhN/AWRQ21LbGYvjeLpZZB6lfZ1BPwifHALGO6oIbyC3CmJe,gharrison@example.com,Emily,Jones,94540,100,"['Painting', 'Comedy Shows', 'Candy Making', 'Crossfit', 'Running']","['Gaming', 'Outdoors', 'Travel']",https://randomuser.me/api/portraits/women/33.jpg
juliecole,$2b$12$Q1PUFjhN/AWRQ21LbGYvjeLpZZB6lfZ1BPwifHALGO6oIbyC3CmJe,brooksnicholas@example.org,Lori,Orozco,94016,100,"['Movies', 'Judo', 'Chess', 'Brazillian Jiu Jitsu', 'Crossfit']","['Gaming', 'Outdoors', 'History']",https://randomuser.me/api/portraits/men/24.jpg
briana62,$2b$12$Q1PUFjhN/AWRQ21LbGYvjeLpZZB6lfZ1BPwifHALGO6oIbyC3CmJe,igriffin@example.org,Kelly,Johnson,94540,100,"['Video Games', 'Brazillian Jiu Jitsu', 'Judo', 'Swimming', 'Crossfit']","['Outdoors', 'Travel', 'Music']",https://randomuser.me/api/portraits/men/62.jpg
lisagarcia,$2b$12$Q1PUFjhN/AWRQ21LbGYvjeLpZZB6lfZ1BPwifHALGO6oIbyC3CmJe,jgibson@example.org,Benjamin,Johnson,94605,100,"['Photography', 'Modeling', 'Video Games', 'Painting', 'Yoga']","['Music', 'Art', 'Travel']",https://randomuser.me/api/portraits/women/61.jpg
john14,$2b$12$Q1PUFjhN/AWRQ21LbGYvjeLpZZB6lfZ1BPwifHALGO6oIbyC3CmJe,swansontina@example.com,Michael,Johnson,94605,100,"['Brazillian Jiu Jitsu', 'Yoga', 'Gardening', 'Video Games', 'Swimming']","['Nature', 'Travel', 'Music']",https://randomuser.me/api/portraits/women/83.jpg
ncooper,$2b$12$Q1PUFjhN/AWRQ21LbGYvjeLpZZB6lfZ1BPwifHALGO6oIbyC3CmJe,lbrown2@example.net,Leah,Greer,94016,100,"['Video Games', 'Chess', 'Yoga', 'Crossfit', 'Beer Tasting']","['Outdoors', 'Gaming', 'Music']",https://randomuser.me/api/portraits/men/2.jpg
jessica18,$2b$12$Q1PUFjhN/AWRQ21LbGYvjeLpZZB6lfZ1BPwifHALGO6oIbyC3CmJe,elizabethwhitney@example.com,Darlene,Andrews,94540,100,"['Crossfit', 'Video Games', 'Running', 'Judo', 'Yoga']","['Travel', 'Outdoors', 'Music']",https://randomuser.me/api/portraits/women/58.jpg
mmyers,$2b$12$Q1PUFjhN/AWRQ21LbGYvjeLpZZB6lfZ1BPwifHALGO6oIbyC3CmJe,robertwatson@example.org,Roberto,Robinson,94509,100,"['Movies', 'Coding', 'Playing musical instruments', 'Candy Making', 'Brazillian Jiu Jitsu']","['Nature', 'Gaming', 'Outdoors']",https://randomuser.me/api/portraits/women/25.jpg
ana62,$2b$12$Q1PUFjhN/AWRQ21LbGYvjeLpZZB6lfZ1BPwifHALGO6oIbyC3CmJe,kari17@example.net,Brett,Burch,94507,100,"['Movies', 'Painting', 'Yoga', 'Brazillian Jiu Jitsu', 'Beer Tasting']","['Music', 'Outdoors', 'Nature']",https://randomuser.me/api/portraits/women/17.jpg
lbrown2,$2b$12$Q1PUFjhN/AWRQ21LbGYvjeLpZZB6lfZ1BPwifHALGO6oIbyC3CmJe,jessicaayala@example.com,John,Anderson,95119,100,"['Swimming', 'Candy Making', 'Running', 'Movies', 'Judo']","['Outdoors', 'Music', 'Travel']",https://randomuser.me/api/portraits/women/53.jpg
xgregory,$2b$12$Q1PUFjhN/AWRQ21LbGYvjeLpZZB6lfZ1BPwifHALGO6oIbyC3CmJe,stevensmelissa@example.com,Katherine,Perkins,94605,100,"['Chess', 'Yoga', 'Modeling', 'Candy Making', 'Photography']","['Gaming', 'Nature', 'Music']",https://randomuser.me/api/portraits/men/31.jpg
brittanywatson,$2b$12$Q1PUFjhN/AWRQ21LbGYvjeLpZZB6lfZ1BPwifHALGO6oIbyC3CmJe,bolson@example.net,David,Deleon,95119,100,"['Playing musical instruments', 'Modeling', 'Chess', 'Candy Making', 'Gardening']","['History', 'Nature', 'Gaming']",https://randomuser.me/api/portraits/men/87.jpg
deborahsullivan,$2b$12$Q1PUFjhN/AWRQ21LbGYvjeLpZZB6lfZ1BPwifHALGO6oIbyC3CmJe,brian65@example.net,Crystal,Alvarez,94509,100,"['Brazillian Jiu Jitsu', 'Crossfit', 'Gardening', 'Judo', 'Playing musical instruments']","['Travel', 'History', 'Art']",https://randomuser.me/api/portraits/women/94.jpg
aguilarchad,$2b$12$Q1PUFjhN/AWRQ21LbGYvjeLpZZB6lfZ1BPwifHALGO6oIbyC3CmJe,taylorandrew@example.net,Brittany,Coleman,94507,100,"['Beer Tasting', 'Yoga', 'Candy Making', 'Modeling', 'Crossfit']","['History', 'Nature', 'Music']",https://randomuser.me/api/portraits/men/78.jpg
ashlee32,$2b$12$Q1PUFjhN/AWRQ21LbGYvjeLpZZB6lfZ1BPwifHALGO6oIbyC3CmJe,juancook@example.com,Susan,Brown,94509,100,"['Painting', 'Candy Making', 'Swimming', 'Judo', 'Chess']","['Art', 'Travel', 'History']",https://randomuser.me/api/portraits/women/9.jpg
kathryn00,$2b$12$Q1PUFjhN/AWRQ21LbGYvjeLpZZB6lfZ1BPwifHALGO6oIbyC3CmJe,wmarshall@example.net,Jennifer,Morgan,94507,100,"['Crossfit', 'Playing musical instruments', 'Coding', 'Running', 'Beer Tasting']","['Gaming', 'Art', 'History']",https://randomuser.me/api/portraits/men/39.jpg
